,country,year,elec,hdi,region,use
0,Albania,1990,61.0230786125242,0.6559999999999999,Europe & Central Asia,552.252184819181
1,Albania,2000,65.85879061664569,0.691,Europe & Central Asia,1449.64741324695
2,Albania,2002,66.7816107717465,0.703,Europe & Central Asia,1578.1659188268802
3,Albania,2004,,0.715,Europe & Central Asia,1797.5254869688501
4,Albania,2005,,0.721,Europe & Central Asia,1722.0728497250698
5,Albania,2006,,0.7240000000000001,Europe & Central Asia,1218.36014605619
6,Albania,2007,,0.7290000000000001,Europe & Central Asia,1213.12436932179
7,Albania,2008,,0.733,Europe & Central Asia,1617.7441562046
8,Albania,2009,,0.7340000000000001,Europe & Central Asia,1835.68407241763
9,Albania,2010,,0.7365,Europe & Central Asia,1943.3433538584202
10,Albania,2011,,0.7390000000000001,Europe & Central Asia,2205.70392004668
11,Algeria,1980,53.2995522992593,0.454,Middle East & North Africa,328.322141473282
12,Algeria,1990,67.375,0.551,Middle East & North Africa,528.434936105991
13,Algeria,2000,98.0,0.624,Middle East & North Africa,680.195974430198
14,Algeria,2002,98.5,0.6412,Middle East & North Africa,727.612643532377
15,Algeria,2004,98.1,0.6584,Middle East & North Africa,800.704307891519
16,Algeria,2005,98.5,0.667,Middle East & North Africa,886.914576373772
17,Algeria,2006,98.9,0.6729999999999999,Middle East & North Africa,858.934010580582
18,Algeria,2007,99.3,0.68,Middle East & North Africa,890.8143527145537
19,Algeria,2008,99.3,0.6859999999999999,Middle East & North Africa,943.7557433919528
20,Algeria,2009,99.3,0.691,Middle East & North Africa,863.085973626393
21,Algeria,2010,99.3,0.6945,Middle East & North Africa,1012.69083578198
22,Algeria,2011,,0.698,Middle East & North Africa,1118.50880991021
23,Angola,2000,12.0,0.384,Sub-Saharan Africa,75.05660874048199
24,Angola,2002,5.0,0.4084,Sub-Saharan Africa,85.7582712771421
25,Angola,2004,15.0,0.4328,Sub-Saharan Africa,87.0361877598497
26,Angola,2005,18.733333333333302,0.445,Sub-Saharan Africa,108.63037655155
27,Angola,2006,22.466666666666693,0.459,Sub-Saharan Africa,143.91188328687
28,Angola,2007,26.2,0.471,Sub-Saharan Africa,132.681280561997
29,Angola,2008,26.2,0.476,Sub-Saharan Africa,171.879581349135
30,Angola,2009,26.2,0.481,Sub-Saharan Africa,188.961667389593
31,Angola,2010,40.2,0.4835,Sub-Saharan Africa,206.34057808996
32,Angola,2011,,0.486,Sub-Saharan Africa,207.031258871036
33,Argentina,1980,79.40719818993891,0.669,Latin America & Caribbean,1234.3676883648
34,Argentina,1990,82.64113684564299,0.6970000000000001,Latin America & Caribbean,1299.55206792208
35,Argentina,2000,94.6,0.7490000000000001,Latin America & Caribbean,2078.28644020102
36,Argentina,2002,95.0,0.7554,Latin America & Caribbean,2003.4379035597601
37,Argentina,2004,95.4,0.7618,Latin America & Caribbean,2279.29182020484
38,Argentina,2005,96.0,0.765,Latin America & Caribbean,2392.89391410831
39,Argentina,2006,96.6,0.773,Latin America & Caribbean,2357.95291526127
40,Argentina,2007,97.2,0.78,Latin America & Caribbean,2438.08991413208
41,Argentina,2008,97.2,0.7859999999999999,Latin America & Caribbean,2752.09076907263
42,Argentina,2009,97.2,0.7879999999999999,Latin America & Caribbean,2708.936431355489
43,Argentina,2010,97.2,0.7925,Latin America & Caribbean,2847.256841779289
44,Armenia,2000,16.6170469240476,0.643,Europe & Central Asia,1297.5682730060198
45,Armenia,2002,0.44222788060187707,0.6614,Europe & Central Asia,1236.36366033521
46,Armenia,2004,,0.6798,Europe & Central Asia,1440.37283060922
47,Armenia,2005,,0.6890000000000001,Europe & Central Asia,1521.5048407401
48,Armenia,2006,,0.703,Europe & Central Asia,1639.68227142133
49,Armenia,2007,,0.715,Europe & Central Asia,1772.8948918806898
50,Armenia,2008,,0.7190000000000001,Europe & Central Asia,1669.06217548879
51,Armenia,2009,,0.7120000000000001,Europe & Central Asia,1661.0214554951501
52,Armenia,2010,,0.7140000000000001,Europe & Central Asia,1726.2645574287899
53,Armenia,2011,,0.716,Europe & Central Asia,1807.6347006048493
54,Australia,1980,100.0,0.85,East Asia & Pacific,5915.26000544514
55,Australia,1990,100.0,0.873,East Asia & Pacific,8527.228085390649
56,Australia,2000,100.0,0.906,East Asia & Pacific,10193.912180859399
57,Australia,2002,100.0,0.9108,East Asia & Pacific,10813.1227291694
58,Australia,2004,,0.9156,East Asia & Pacific,10554.8158232062
59,Australia,2005,,0.918,East Asia & Pacific,10458.4501931865
60,Australia,2006,,0.92,East Asia & Pacific,10490.48454191
61,Australia,2007,,0.922,East Asia & Pacific,10972.8917398068
62,Australia,2008,,0.924,East Asia & Pacific,10749.110554750301
63,Australia,2009,,0.926,East Asia & Pacific,10791.5930978208
64,Australia,2010,,0.9275,East Asia & Pacific,10726.9281831902
65,Austria,1980,100.0,0.74,Europe & Central Asia,4684.457759940379
66,Austria,1990,100.0,0.79,Europe & Central Asia,6111.4765201195705
67,Austria,2000,100.0,0.8390000000000001,Europe & Central Asia,7076.26948339438
68,Austria,2002,100.0,0.8474,Europe & Central Asia,7427.65644509121
69,Austria,2004,,0.8558,Europe & Central Asia,7808.157792139609
70,Austria,2005,,0.86,Europe & Central Asia,7977.681597417741
71,Austria,2006,,0.866,Europe & Central Asia,8244.40195190479
72,Austria,2007,,0.87,Europe & Central Asia,8207.474738975541
73,Austria,2008,,0.8759999999999999,Europe & Central Asia,8233.01483290985
74,Austria,2009,,0.879,Europe & Central Asia,7944.796096231678
75,Austria,2010,,0.882,Europe & Central Asia,8382.71115445338
76,Austria,2011,,0.885,Europe & Central Asia,8425.16775320399
77,Azerbaijan,2011,,0.731,Europe & Central Asia,1705.4246326370999
78,Bahrain,1980,92.8280847783346,0.6509999999999999,Middle East & North Africa,4612.54612546125
79,Bahrain,1990,95.17427238114807,0.721,Middle East & North Africa,15621.124712913701
80,Bahrain,2000,99.4,0.773,Middle East & North Africa,20014.6250304688
81,Bahrain,2002,99.9,0.7818,Middle East & North Africa,20016.3776545675
82,Bahrain,2004,99.0,0.7906,Middle East & North Africa,18982.9944760968
83,Bahrain,2005,99.1333333333333,0.795,Middle East & North Africa,21325.5537761143
84,Bahrain,2006,99.2666666666667,0.799,Middle East & North Africa,21508.4504191299
85,Bahrain,2007,99.4,0.804,Middle East & North Africa,20592.9002182662
86,Bahrain,2008,99.4,0.8059999999999999,Middle East & North Africa,18492.001543168302
87,Bahrain,2009,99.4,0.805,Middle East & North Africa,17460.332194402
88,Bahrain,2010,99.4,0.8055,Middle East & North Africa,18038.2669466871
89,Bahrain,2011,,0.8059999999999999,Middle East & North Africa,17910.9404984397
90,Bangladesh,1980,14.239776326586401,0.303,South Asia,18.6815261309381
91,Bangladesh,1990,16.5670317873788,0.35200000000000004,South Asia,48.366754704330795
92,Bangladesh,2000,20.4,0.422,South Asia,101.488629348181
93,Bangladesh,2002,26.3,0.438,South Asia,119.274673819858
94,Bangladesh,2004,32.0,0.454,South Asia,160.25336066937
95,Bangladesh,2005,35.0,0.462,South Asia,170.68125273611298
96,Bangladesh,2006,38.0,0.47,South Asia,190.915464451173
97,Bangladesh,2007,41.0,0.478,South Asia,199.83119249310002
98,Bangladesh,2008,41.0,0.484,South Asia,201.248857117908
99,Bangladesh,2009,41.0,0.491,South Asia,219.2420592116
100,Bangladesh,2010,46.5,0.4955,South Asia,239.83053150060687
101,Bangladesh,2011,,0.5,South Asia,257.634373156657
102,Belarus,2005,,0.723,Europe & Central Asia,3245.372087813269
103,Belarus,2006,,0.731,Europe & Central Asia,3365.9818651350106
104,Belarus,2007,,0.738,Europe & Central Asia,3393.90853610514
105,Belarus,2008,,0.7440000000000001,Europe & Central Asia,3481.7435165987395
106,Belarus,2009,,0.746,Europe & Central Asia,3298.703607378541
107,Belarus,2010,,0.7509999999999999,Europe & Central Asia,3563.6377659834
108,Belarus,2011,,0.7559999999999999,Europe & Central Asia,3628.45728970191
109,Belgium,1980,100.0,0.757,Europe & Central Asia,4893.885351429651
110,Belgium,1990,100.0,0.8109999999999999,Europe & Central Asia,6380.31321975416
111,Belgium,2000,100.0,0.8759999999999999,Europe & Central Asia,8247.67711254725
112,Belgium,2002,100.0,0.8748,Europe & Central Asia,8311.89267946638
113,Belgium,2004,,0.8736,Europe & Central Asia,8576.22349653402
114,Belgium,2005,,0.873,Europe & Central Asia,8509.99707308703
115,Belgium,2006,,0.877,Europe & Central Asia,8683.671285001321
116,Belgium,2007,,0.88,Europe & Central Asia,8614.679503468009
117,Belgium,2008,,0.882,Europe & Central Asia,8521.49673953426
118,Belgium,2009,,0.883,Europe & Central Asia,7903.955478876342
119,Belgium,2010,,0.8845,Europe & Central Asia,8393.94962326946
120,Belgium,2011,,0.8859999999999999,Europe & Central Asia,8021.9092694399915
121,Benin,1980,15.7772123825086,0.252,Sub-Saharan Africa,27.70928920292749
122,Benin,1990,17.7080496282052,0.316,Sub-Saharan Africa,34.9503143117922
123,Benin,2000,22.0,0.378,Sub-Saharan Africa,58.11285282985561
124,Benin,2002,24.8,0.3904,Sub-Saharan Africa,68.26224875585879
125,Benin,2004,22.0,0.4028,Sub-Saharan Africa,70.3225443496545
126,Benin,2005,22.9333333333333,0.409,Sub-Saharan Africa,73.7889498228877
127,Benin,2006,23.8666666666667,0.411,Sub-Saharan Africa,75.0891820950393
128,Benin,2007,24.8,0.414,Sub-Saharan Africa,79.71811485346
129,Benin,2008,24.8,0.419,Sub-Saharan Africa,86.35244953498459
130,Benin,2009,24.8,0.422,Sub-Saharan Africa,87.87320678846241
131,Benin,2010,27.9,0.4245,Sub-Saharan Africa,95.44246987719342
132,Benin,2011,,0.4270000000000001,Sub-Saharan Africa,91.5355801759724
133,Bolivia,1980,26.711168510314398,0.507,Latin America & Caribbean,252.970932494868
134,Bolivia,1990,43.11898345306111,0.56,Latin America & Caribbean,266.472430094378
135,Bolivia,2000,60.4,0.612,Latin America & Caribbean,419.808737010031
136,Bolivia,2002,65.1,0.6268,Latin America & Caribbean,434.398489832545
137,Bolivia,2004,64.4,0.6416,Latin America & Caribbean,452.176306162277
138,Bolivia,2005,68.7666666666667,0.649,Latin America & Caribbean,482.170169030232
139,Bolivia,2006,73.1333333333333,0.65,Latin America & Caribbean,513.06998110808
140,Bolivia,2007,77.5,0.645,Latin America & Caribbean,545.361493432572
141,Bolivia,2008,77.5,0.6509999999999999,Latin America & Caribbean,534.487239651016
142,Bolivia,2009,77.5,0.6559999999999999,Latin America & Caribbean,553.657087978909
143,Bolivia,2010,80.2,0.6595,Latin America & Caribbean,604.340970909966
144,Bosnia and Herzegovina,2005,,0.7170000000000001,Europe & Central Asia,2379.46016559435
145,Bosnia and Herzegovina,2006,,0.72,Europe & Central Asia,2375.73118756396
146,Bosnia and Herzegovina,2007,,0.725,Europe & Central Asia,2375.46369899311
147,Bosnia and Herzegovina,2008,,0.73,Europe & Central Asia,2979.06339118487
148,Bosnia and Herzegovina,2009,,0.73,Europe & Central Asia,2883.4443106625
149,Bosnia and Herzegovina,2010,,0.7315,Europe & Central Asia,3141.51964329661
150,Bosnia and Herzegovina,2011,,0.733,Europe & Central Asia,3318.63594899786
151,Botswana,1990,43.5948078997904,0.594,Sub-Saharan Africa,718.478393395224
152,Botswana,2000,22.0,0.585,Sub-Saharan Africa,1098.74214564264
153,Botswana,2002,26.4,0.5914,Sub-Saharan Africa,1220.8187519558098
154,Botswana,2004,38.5,0.5978,Sub-Saharan Africa,1428.39181558275
155,Botswana,2005,40.8,0.601,Sub-Saharan Africa,1419.83304703177
156,Botswana,2006,43.1,0.611,Sub-Saharan Africa,1455.76089644726
157,Botswana,2007,45.4,0.618,Sub-Saharan Africa,1503.85444318731
158,Botswana,2008,45.4,0.624,Sub-Saharan Africa,1518.22564378162
159,Botswana,2009,45.4,0.626,Sub-Saharan Africa,1716.76897916138
160,Botswana,2010,45.4,0.6295,Sub-Saharan Africa,1539.55647670862
161,Botswana,2011,,0.633,Sub-Saharan Africa,1477.08399245566
162,Brazil,1980,44.00899999999999,0.5489999999999999,Latin America & Caribbean,1012.7454774361901
163,Brazil,1990,87.03200000000002,0.6,Latin America & Caribbean,1457.3476664831305
164,Brazil,2000,94.9,0.665,Latin America & Caribbean,1891.9708216418105
165,Brazil,2002,94.6,0.6758,Latin America & Caribbean,1800.5171338995606
166,Brazil,2004,96.5,0.6866,Latin America & Caribbean,1948.4085982789802
167,Brazil,2005,95.172,0.6920000000000001,Latin America & Caribbean,2007.2774299440305
168,Brazil,2006,96.486,0.695,Latin America & Caribbean,2063.09731659316
169,Brazil,2007,97.8,0.7,Latin America & Caribbean,2157.43734210219
170,Brazil,2008,96.334,0.705,Latin America & Caribbean,2218.8835865683604
171,Brazil,2009,98.3,0.708,Latin America & Caribbean,2185.74526282213
172,Brazil,2010,98.7,0.713,Latin America & Caribbean,2361.05594054733
173,Brazil,2011,,0.718,Latin America & Caribbean,2416.4628482810103
174,Brunei Darussalam,1980,,0.75,,1691.1662344224499
175,Brunei Darussalam,1990,,0.784,,4324.0527851305105
176,Brunei Darussalam,2000,,0.818,,7544.089712850459
177,Brunei Darussalam,2002,,0.8228,,7371.701545549159
178,Brunei Darussalam,2004,,0.8276,,8594.72133910765
179,Brunei Darussalam,2005,,0.83,,8462.0903827932
180,Brunei Darussalam,2006,,0.8340000000000001,,8432.140445644829
181,Brunei Darussalam,2007,,0.835,,8616.45823552008
182,Brunei Darussalam,2008,,0.8340000000000001,,8593.23088605993
183,Brunei Darussalam,2009,,0.835,,8843.792668563628
184,Brunei Darussalam,2010,,0.8365,,8809.71126582995
185,Bulgaria,1990,55.869857760594215,0.698,Europe & Central Asia,4758.73190255565
186,Bulgaria,2000,64.1227891315989,0.715,Europe & Central Asia,3673.6068714342896
187,Bulgaria,2002,65.4061416586183,0.7286,Europe & Central Asia,3853.8190041011
188,Bulgaria,2004,,0.7422,Europe & Central Asia,3971.8227361906293
189,Bulgaria,2005,,0.7490000000000001,Europe & Central Asia,4165.18039235553
190,Bulgaria,2006,,0.753,Europe & Central Asia,4366.912765151839
191,Bulgaria,2007,,0.758,Europe & Central Asia,4523.3228783124105
192,Bulgaria,2008,,0.765,Europe & Central Asia,4674.5031505249
193,Bulgaria,2009,,0.7659999999999999,Europe & Central Asia,4483.7471386375
194,Bulgaria,2010,,0.7685,Europe & Central Asia,4560.4149170337705
195,Bulgaria,2011,,0.7709999999999999,Europe & Central Asia,4863.69144110061
196,Cambodia,2000,15.8,0.438,East Asia & Pacific,32.750856336146896
197,Cambodia,2002,18.3,0.4592,East Asia & Pacific,50.3374468894426
198,Cambodia,2004,20.1,0.4804,East Asia & Pacific,55.7283158864664
199,Cambodia,2005,21.4,0.491,East Asia & Pacific,66.7661326305457
200,Cambodia,2006,22.7,0.501,East Asia & Pacific,80.7451770527253
201,Cambodia,2007,24.0,0.508,East Asia & Pacific,100.609116545937
202,Cambodia,2008,24.0,0.513,East Asia & Pacific,114.621156904261
203,Cambodia,2009,24.0,0.513,East Asia & Pacific,127.961205398813
204,Cambodia,2010,31.1,0.518,East Asia & Pacific,144.317389232036
205,Cambodia,2011,,0.523,East Asia & Pacific,165.154686176518
206,Cameroon,1980,35.89868553995721,0.37,Sub-Saharan Africa,156.178314327771
207,Cameroon,1990,33.606122615561105,0.4270000000000001,Sub-Saharan Africa,200.16699646562301
208,Cameroon,2000,20.0,0.4270000000000001,Sub-Saharan Africa,178.01220015354
209,Cameroon,2002,40.7,0.4358,Sub-Saharan Africa,157.66353581865602
210,Cameroon,2004,47.0,0.4446,Sub-Saharan Africa,195.765324783813
211,Cameroon,2005,41.1333333333333,0.449,Sub-Saharan Africa,189.773199213928
212,Cameroon,2006,35.2666666666667,0.451,Sub-Saharan Africa,250.117852045765
213,Cameroon,2007,29.4,0.459,Sub-Saharan Africa,258.379966849301
214,Cameroon,2008,39.05,0.466,Sub-Saharan Africa,272.015540481075
215,Cameroon,2009,48.7,0.475,Sub-Saharan Africa,269.805168557215
216,Cameroon,2010,48.7,0.4785,Sub-Saharan Africa,266.342922396265
217,Canada,1980,100.0,0.8170000000000001,North America,12763.713251738302
218,Canada,1990,100.0,0.857,North America,16109.279982728203
219,Canada,2000,100.0,0.879,North America,16990.578393679498
220,Canada,2002,100.0,0.8842,North America,16959.6007907659
221,Canada,2004,,0.8894,North America,17235.411783091102
222,Canada,2005,,0.892,North America,16912.4783362218
223,Canada,2006,,0.897,North America,16508.6786342429
224,Canada,2007,,0.9,North America,16683.690137001002
225,Canada,2008,,0.903,North America,16378.1422678907
226,Canada,2009,,0.903,North America,15450.8795512007
227,Canada,2010,,0.9055,North America,15269.5725962979
228,Canada,2011,,0.908,North America,15642.967750426698
229,Chile,1980,64.54658047821479,0.63,Latin America & Caribbean,915.035789269628
230,Chile,1990,82.1279096675773,0.698,Latin America & Caribbean,1240.66124699557
231,Chile,2000,99.0,0.7490000000000001,Latin America & Caribbean,2512.32510200977
232,Chile,2002,97.0,0.7609999999999999,Latin America & Caribbean,2738.47923354584
233,Chile,2004,98.6,0.773,Latin America & Caribbean,3072.34769382672
234,Chile,2005,98.5666666666667,0.779,Latin America & Caribbean,3102.48352270109
235,Chile,2006,98.5333333333333,0.78,Latin America & Caribbean,3229.26909852773
236,Chile,2007,98.5,0.789,Latin America & Caribbean,3347.2621691158697
237,Chile,2008,98.5,0.7959999999999999,Latin America & Caribbean,3347.56896885129
238,Chile,2009,98.5,0.7979999999999999,Latin America & Caribbean,3307.65571431305
239,Chile,2010,99.4,0.8015,Latin America & Caribbean,3320.4157342923604
240,Chile,2011,,0.805,Latin America & Caribbean,3600.34481880136
241,China,1980,60.733,0.404,East Asia & Pacific,281.62468725636614
242,China,1990,88.0685,0.49,East Asia & Pacific,510.619854913516
243,China,2000,98.6,0.588,East Asia & Pacific,992.943384720171
244,China,2002,99.0,0.606,East Asia & Pacific,1194.85629490784
245,China,2004,99.4,0.624,East Asia & Pacific,1585.83878247787
246,China,2005,99.2625,0.633,East Asia & Pacific,1782.3121529162695
247,China,2006,99.125,0.644,East Asia & Pacific,2039.0146603407998
248,China,2007,99.4,0.6559999999999999,East Asia & Pacific,2325.92676902765
249,China,2008,99.358,0.665,East Asia & Pacific,2446.36905458402
250,China,2009,99.4,0.674,East Asia & Pacific,2612.45662004417
251,China,2010,99.7,0.6805,East Asia & Pacific,2943.589954436889
252,China,2011,,0.687,East Asia & Pacific,3298.0039133119603
253,Colombia,1980,63.1057701298724,0.55,Latin America & Caribbean,618.03525140692
254,Colombia,1990,74.36679999096941,0.594,Latin America & Caribbean,841.8640934547342
255,Colombia,2000,81.0,0.652,Latin America & Caribbean,829.3989415591409
256,Colombia,2002,90.2,0.6612,Latin America & Caribbean,858.620668172133
257,Colombia,2004,86.1,0.6704,Latin America & Caribbean,898.3441056528128
258,Colombia,2005,88.6,0.675,Latin America & Caribbean,895.816843066224
259,Colombia,2006,91.1,0.6829999999999999,Latin America & Caribbean,947.127094199566
260,Colombia,2007,93.6,0.691,Latin America & Caribbean,974.3868628186432
261,Colombia,2008,93.6,0.6970000000000001,Latin America & Caribbean,974.220396519104
262,Colombia,2009,93.6,0.7020000000000001,Latin America & Caribbean,1049.97820050083
263,Colombia,2010,97.4,0.706,Latin America & Caribbean,1077.9845689162598
264,Colombia,2011,,0.71,Latin America & Caribbean,1121.39110419658
265,Costa Rica,1980,65.7778641483459,0.614,Latin America & Caribbean,931.649723141828
266,Costa Rica,1990,73.884648783272,0.6559999999999999,Latin America & Caribbean,1080.10510352891
267,Costa Rica,2000,95.7,0.703,Latin America & Caribbean,1521.10220426077
268,Costa Rica,2002,97.0,0.711,Latin America & Caribbean,1572.89665987728
269,Costa Rica,2004,98.5,0.7190000000000001,Latin America & Caribbean,1694.75414362134
270,Costa Rica,2005,98.7,0.723,Latin America & Caribbean,1736.41150881118
271,Costa Rica,2006,98.9,0.7290000000000001,Latin America & Caribbean,1838.3334176570104
272,Costa Rica,2007,99.1,0.735,Latin America & Caribbean,1900.68861914342
273,Costa Rica,2008,99.2,0.737,Latin America & Caribbean,1903.3716611416
274,Costa Rica,2009,99.3,0.738,Latin America & Caribbean,1858.40268273049
275,Costa Rica,2010,99.2,0.741,Latin America & Caribbean,1901.3130104196
276,Costa Rica,2011,,0.7440000000000001,Latin America & Caribbean,1898.7173930338504
277,Cote d'Ivoire,1980,41.5966386554622,0.34700000000000003,,177.122928014421
278,Cote d'Ivoire,1990,45.798319327731114,0.361,,155.937264474002
279,Cote d'Ivoire,2000,50.0,0.374,,171.575197549693
280,Cote d'Ivoire,2002,50.7,0.3776,,175.279821509402
281,Cote d'Ivoire,2004,50.0,0.3812,,173.132868141541
282,Cote d'Ivoire,2005,49.1,0.383,,171.844891524753
283,Cote d'Ivoire,2006,48.2,0.385,,182.251495833965
284,Cote d'Ivoire,2007,47.3,0.388,,187.939384282913
285,Cote d'Ivoire,2008,47.3,0.392,,196.738268249859
286,Cote d'Ivoire,2009,47.3,0.397,,201.741882146425
287,Cote d'Ivoire,2010,58.9,0.3985,,216.407449102218
288,Croatia,2000,63.06638290883601,0.748,Europe & Central Asia,2855.85178490737
289,Croatia,2002,55.8680694539719,0.7608,Europe & Central Asia,3092.34234234234
290,Croatia,2004,,0.7736,Europe & Central Asia,3325.5237666140997
291,Croatia,2005,,0.78,Europe & Central Asia,3475.911751463301
292,Croatia,2006,,0.785,Europe & Central Asia,3635.81081081081
293,Croatia,2007,,0.7909999999999999,Europe & Central Asia,3737.60144274121
294,Croatia,2008,,0.795,Europe & Central Asia,3877.9950334963896
295,Croatia,2009,,0.7929999999999999,Europe & Central Asia,3711.60769803557
296,Croatia,2010,,0.7945,Europe & Central Asia,3813.6793109481896
297,Croatia,2011,,0.7959999999999999,Europe & Central Asia,3900.60136120405
298,Cuba,1990,64.5578743462048,0.677,Latin America & Caribbean,1214.0334212146001
299,Cuba,2000,97.0,0.6809999999999999,Latin America & Caribbean,1135.4407457947198
300,Cuba,2002,95.8,0.6986,Latin America & Caribbean,1183.1879449434698
301,Cuba,2004,95.8,0.7162,Latin America & Caribbean,1173.61047688099
302,Cuba,2005,96.2,0.725,Latin America & Caribbean,1152.75685506165
303,Cuba,2006,96.6,0.745,Latin America & Caribbean,1223.4166912102498
304,Cuba,2007,97.0,0.759,Latin America & Caribbean,1296.39116865143
305,Cuba,2008,97.0,0.767,Latin America & Caribbean,1314.88271097674
306,Cuba,2009,97.0,0.77,Latin America & Caribbean,1323.92675349836
307,Cuba,2010,97.0,0.773,Latin America & Caribbean,1290.82627440748
308,Cuba,2011,,0.7759999999999999,Latin America & Caribbean,1318.66668557228
309,Cyprus,1990,,0.747,Europe & Central Asia,2430.16694190297
310,Cyprus,2000,,0.8,Europe & Central Asia,3373.31413802389
311,Cyprus,2002,,0.8036,Europe & Central Asia,3703.30185492637
312,Cyprus,2004,,0.8072,Europe & Central Asia,3946.9126394236
313,Cyprus,2005,,0.809,Europe & Central Asia,4099.61290623924
314,Cyprus,2006,,0.8140000000000001,Europe & Central Asia,4238.12707494627
315,Cyprus,2007,,0.8190000000000001,Europe & Central Asia,4377.12463523961
316,Cyprus,2008,,0.8270000000000001,Europe & Central Asia,4554.51970897673
317,Cyprus,2009,,0.8370000000000001,Europe & Central Asia,4577.09666726165
318,Cyprus,2010,,0.8385,Europe & Central Asia,4585.626371216429
319,Czech Republic,2000,100.0,0.816,Europe & Central Asia,5703.816739107309
320,Czech Republic,2002,100.0,0.8312,Europe & Central Asia,5894.2331191117
321,Czech Republic,2004,,0.8464,Europe & Central Asia,6230.3982278885
322,Czech Republic,2005,,0.8540000000000001,Europe & Central Asia,6357.42109460812
323,Czech Republic,2006,,0.858,Europe & Central Asia,6528.53015044089
324,Czech Republic,2007,,0.861,Europe & Central Asia,6518.217412699782
325,Czech Republic,2008,,0.8640000000000001,Europe & Central Asia,6489.12625740243
326,Czech Republic,2009,,0.863,Europe & Central Asia,6139.35206037264
327,Czech Republic,2010,,0.8640000000000001,Europe & Central Asia,6348.42439812839
328,Czech Republic,2011,,0.865,Europe & Central Asia,6298.72767835026
329,Denmark,1980,99.6707818933333,0.7829999999999999,Europe & Central Asia,4599.23400755061
330,Denmark,1990,100.0,0.809,Europe & Central Asia,5944.82836695787
331,Denmark,2000,100.0,0.861,Europe & Central Asia,6482.488628395749
332,Denmark,2002,100.0,0.8706,Europe & Central Asia,6533.75201430227
333,Denmark,2004,,0.8802,Europe & Central Asia,6615.569958717912
334,Denmark,2005,,0.885,Europe & Central Asia,6659.00042661297
335,Denmark,2006,,0.887,Europe & Central Asia,6824.74593877224
336,Denmark,2007,,0.89,Europe & Central Asia,6668.3902664463085
337,Denmark,2008,,0.8909999999999999,Europe & Central Asia,6534.12385018916
338,Denmark,2009,,0.8909999999999999,Europe & Central Asia,6219.701091507571
339,Denmark,2010,,0.893,Europe & Central Asia,6327.50645629896
340,Denmark,2011,,0.895,Europe & Central Asia,6165.9736199442395
341,Dominican Republic,1980,55.2756246546869,0.532,Latin America & Caribbean,440.847204699937
342,Dominican Republic,1990,62.095274091837,0.5770000000000001,Latin America & Caribbean,388.52131793224197
343,Dominican Republic,2000,66.8,0.64,Latin America & Caribbean,1313.6163198609
344,Dominican Republic,2002,92.3,0.6472,Latin America & Caribbean,1373.48375873288
345,Dominican Republic,2004,92.5,0.6544,Latin America & Caribbean,1112.60048612556
346,Dominican Republic,2005,93.6333333333333,0.6579999999999999,Latin America & Caribbean,1215.90470909761
347,Dominican Republic,2006,94.7666666666667,0.6659999999999999,Latin America & Caribbean,1308.5644760652099
348,Dominican Republic,2007,95.9,0.672,Latin America & Caribbean,1335.38811111077
349,Dominican Republic,2008,95.9,0.677,Latin America & Caribbean,1352.35541461025
350,Dominican Republic,2009,95.9,0.68,Latin America & Caribbean,1299.78650167213
351,Dominican Republic,2010,96.9,0.6845,Latin America & Caribbean,1366.2376736275098
352,Dominican Republic,2011,,0.6890000000000001,Latin America & Caribbean,1397.6131671236801
353,Ecuador,1980,62.5432240207203,0.591,Latin America & Caribbean,360.18552124411315
354,Ecuador,1990,69.5089969628804,0.636,Latin America & Caribbean,481.30321015931503
355,Ecuador,2000,80.0,0.6679999999999999,Latin America & Caribbean,637.521384008167
356,Ecuador,2002,89.7,0.6788,Latin America & Caribbean,692.239784701111
357,Ecuador,2004,90.3,0.6896,Latin America & Caribbean,829.1112269624809
358,Ecuador,2005,90.9333333333333,0.695,Latin America & Caribbean,799.7680126722279
359,Ecuador,2006,91.5666666666667,0.698,Latin America & Caribbean,868.1594675632249
360,Ecuador,2007,92.2,0.7020000000000001,Latin America & Caribbean,958.9275329692059
361,Ecuador,2008,92.2,0.7140000000000001,Latin America & Caribbean,1083.98911871775
362,Ecuador,2009,92.2,0.716,Latin America & Caribbean,1111.20375869351
363,Ecuador,2010,92.2,0.718,Latin America & Caribbean,1143.7800181992402
364,Ecuador,2011,,0.72,Latin America & Caribbean,1217.3399119938902
365,El Salvador,1980,26.723628900515102,0.466,Latin America & Caribbean,274.193661061706
366,El Salvador,1990,42.6848174558997,0.524,Latin America & Caribbean,353.378811429302
367,El Salvador,2000,70.8,0.619,Latin America & Caribbean,617.114996763597
368,El Salvador,2002,76.9,0.6322,Latin America & Caribbean,669.662810129382
369,El Salvador,2004,79.5,0.6454,Latin America & Caribbean,692.743853918869
370,El Salvador,2005,81.8,0.652,Latin America & Caribbean,758.3396210391811
371,El Salvador,2006,84.1,0.6579999999999999,Latin America & Caribbean,820.1136039790781
372,El Salvador,2007,86.4,0.6679999999999999,Latin America & Caribbean,885.349245291548
373,El Salvador,2008,86.4,0.6679999999999999,Latin America & Caribbean,858.713834228461
374,El Salvador,2009,86.4,0.669,Latin America & Caribbean,848.910819718716
375,El Salvador,2010,91.6,0.6715,Latin America & Caribbean,859.7439650029048
376,El Salvador,2011,,0.674,Latin America & Caribbean,883.1565620680301
377,Eritrea,2011,,0.349,Sub-Saharan Africa,64.1385213277344
378,Estonia,1990,100.0,0.7170000000000001,Europe & Central Asia,5755.89450245798
379,Estonia,2000,100.0,0.7759999999999999,Europe & Central Asia,4540.49256076479
380,Estonia,2002,100.0,0.794,Europe & Central Asia,4767.462935440611
381,Estonia,2004,,0.812,Europe & Central Asia,5429.525521999191
382,Estonia,2005,,0.821,Europe & Central Asia,5531.54582864313
383,Estonia,2006,,0.8290000000000001,Europe & Central Asia,5869.42478894573
384,Estonia,2007,,0.8340000000000001,Europe & Central Asia,6277.41146283975
385,Estonia,2008,,0.8320000000000001,Europe & Central Asia,6364.567830138579
386,Estonia,2009,,0.828,Europe & Central Asia,5975.95381093506
387,Estonia,2010,,0.8315,Europe & Central Asia,6506.31818096472
388,Estonia,2011,,0.835,Europe & Central Asia,6314.41444766954
389,Ethiopia,2000,4.7,0.274,Sub-Saharan Africa,22.6489397358003
390,Ethiopia,2002,2.6,0.2896,Sub-Saharan Africa,26.1003303507465
391,Ethiopia,2004,15.0,0.3052,Sub-Saharan Africa,30.6200096335776
392,Ethiopia,2005,15.1,0.313,Sub-Saharan Africa,33.3650114132451
393,Ethiopia,2006,15.2,0.327,Sub-Saharan Africa,37.3110246379711
394,Ethiopia,2007,15.3,0.337,Sub-Saharan Africa,39.407208425330296
395,Ethiopia,2008,16.15,0.348,Sub-Saharan Africa,40.8607851531502
396,Ethiopia,2009,17.0,0.353,Sub-Saharan Africa,42.0645939596531
397,Ethiopia,2010,23.0,0.358,Sub-Saharan Africa,48.265349276139496
398,Ethiopia,2011,,0.363,Sub-Saharan Africa,52.60600392978071
399,Finland,1980,100.0,0.759,Europe & Central Asia,8295.78609634619
400,Finland,1990,100.0,0.794,Europe & Central Asia,12485.6836482847
401,Finland,2000,100.0,0.8370000000000001,Europe & Central Asia,15305.409808606999
402,Finland,2002,100.0,0.8522,Europe & Central Asia,16140.0669692216
403,Finland,2004,,0.8674,Europe & Central Asia,16777.5658490195
404,Finland,2005,,0.875,Europe & Central Asia,16117.8903321632
405,Finland,2006,,0.878,Europe & Central Asia,17215.0372901645
406,Finland,2007,,0.8809999999999999,Europe & Central Asia,17160.863119998798
407,Finland,2008,,0.883,Europe & Central Asia,16349.233325033601
408,Finland,2009,,0.877,Europe & Central Asia,15243.1103879453
409,Finland,2010,,0.8795,Europe & Central Asia,16484.094275371102
410,Finland,2011,,0.882,Europe & Central Asia,15710.9737593054
411,France,1980,100.0,0.722,Europe & Central Asia,4407.653654044861
412,France,1990,100.0,0.777,Europe & Central Asia,5940.750613096539
413,France,2000,100.0,0.846,Europe & Central Asia,7224.52698542992
414,France,2002,100.0,0.8552,Europe & Central Asia,7299.2484604912415
415,France,2004,,0.8644,Europe & Central Asia,7661.4911802340075
416,France,2005,,0.8690000000000001,Europe & Central Asia,7652.86430371847
417,France,2006,,0.873,Europe & Central Asia,7540.29529789679
418,France,2007,,0.877,Europe & Central Asia,7513.5793304407
419,France,2008,,0.879,Europe & Central Asia,7643.449849754541
420,France,2009,,0.88,Europe & Central Asia,7338.041898498721
421,France,2010,,0.882,Europe & Central Asia,7734.72678262139
422,France,2011,,0.884,Europe & Central Asia,7232.98023385141
423,Gabon,1980,92.0246128863689,0.522,Sub-Saharan Africa,721.379013356483
424,Gabon,1990,60.2390591098044,0.605,Sub-Saharan Africa,916.812642562791
425,Gabon,2000,31.0,0.621,Sub-Saharan Africa,878.060825815801
426,Gabon,2002,47.9,0.6318,Sub-Saharan Africa,921.656138052192
427,Gabon,2004,47.9,0.6426,Sub-Saharan Africa,908.9542993904872
428,Gabon,2005,44.1666666666667,0.648,Sub-Saharan Africa,907.972626834654
429,Gabon,2006,40.433333333333294,0.648,Sub-Saharan Africa,935.7411595992372
430,Gabon,2007,36.7,0.6559999999999999,Sub-Saharan Africa,958.908616948911
431,Gabon,2008,36.7,0.66,Sub-Saharan Africa,970.443455559743
432,Gabon,2009,36.7,0.664,Sub-Saharan Africa,932.091552943935
433,Gabon,2010,60.0,0.669,Sub-Saharan Africa,948.049335146109
434,Gabon,2011,,0.674,Sub-Saharan Africa,959.872158463167
435,Georgia,2005,,0.7070000000000001,Europe & Central Asia,1784.96420047733
436,Georgia,2006,,0.7120000000000001,Europe & Central Asia,1659.81624758221
437,Georgia,2007,,0.7240000000000001,Europe & Central Asia,1730.52425281725
438,Georgia,2008,,0.722,Europe & Central Asia,1796.7741935483898
439,Georgia,2009,,0.7240000000000001,Europe & Central Asia,1757.6671694318802
440,Georgia,2010,,0.7285,Europe & Central Asia,1976.82119205298
441,Georgia,2011,,0.733,Europe & Central Asia,2219.09677419355
442,Germany,1980,100.0,0.73,Europe & Central Asia,5797.49975270977
443,Germany,1990,100.0,0.795,Europe & Central Asia,6639.73169146049
444,Germany,2000,100.0,0.8640000000000001,Europe & Central Asia,6635.42140596667
445,Germany,2002,100.0,0.8764,Europe & Central Asia,6900.7805270298595
446,Germany,2004,,0.8888,Europe & Central Asia,7108.962524476991
447,Germany,2005,,0.895,Europe & Central Asia,7138.2214852918505
448,Germany,2006,,0.898,Europe & Central Asia,7212.437447687571
449,Germany,2007,,0.901,Europe & Central Asia,7229.08991294766
450,Germany,2008,,0.902,Europe & Central Asia,7187.76400909623
451,Germany,2009,,0.9,Europe & Central Asia,6817.15839823657
452,Germany,2010,,0.9025,Europe & Central Asia,7264.322590735551
453,Germany,2011,,0.905,Europe & Central Asia,7281.27217417162
454,Ghana,1980,36.0340084837448,0.385,Sub-Saharan Africa,425.93853672662203
455,Ghana,1990,35.247127210392705,0.418,Sub-Saharan Africa,326.76476901559
456,Ghana,2000,45.0,0.451,Sub-Saharan Africa,332.017478227986
457,Ghana,2002,48.5,0.4642,Sub-Saharan Africa,310.923393795846
458,Ghana,2004,49.2,0.4774,Sub-Saharan Africa,219.855244333796
459,Ghana,2005,50.8,0.484,Sub-Saharan Africa,245.845222699517
460,Ghana,2006,52.4,0.494,Sub-Saharan Africa,296.74281573297696
461,Ghana,2007,54.0,0.508,Sub-Saharan Africa,244.09463664920798
462,Ghana,2008,57.25,0.519,Sub-Saharan Africa,264.264351910669
463,Ghana,2009,60.5,0.527,Sub-Saharan Africa,263.012234315077
464,Ghana,2010,60.5,0.534,Sub-Saharan Africa,280.514475623961
465,Ghana,2011,,0.541,Sub-Saharan Africa,318.48837559225495
466,Greece,1980,100.0,0.72,Europe & Central Asia,2247.44503632614
467,Greece,1990,100.0,0.7659999999999999,Europe & Central Asia,3221.4053204184197
468,Greece,2000,100.0,0.802,Europe & Central Asia,4586.32987001065
469,Greece,2002,100.0,0.8236,Europe & Central Asia,4909.63969803033
470,Greece,2004,,0.8452,Europe & Central Asia,5200.02435386272
471,Greece,2005,,0.856,Europe & Central Asia,5297.200025411121
472,Greece,2006,,0.861,Europe & Central Asia,5434.576468540689
473,Greece,2007,,0.86,Europe & Central Asia,5701.33085359398
474,Greece,2008,,0.862,Europe & Central Asia,5805.1925460926905
475,Greece,2009,,0.863,Europe & Central Asia,5627.8837063092615
476,Greece,2010,,0.862,Europe & Central Asia,5333.43955553561
477,Greece,2011,,0.861,Europe & Central Asia,5389.333122255321
478,Guatemala,1980,26.607141399464396,0.428,Latin America & Caribbean,251.803435702734
479,Guatemala,1990,51.1009583239263,0.462,Latin America & Caribbean,200.457414241846
480,Guatemala,2000,66.7,0.525,Latin America & Caribbean,330.451027887234
481,Guatemala,2002,84.4,0.535,Latin America & Caribbean,363.0154130840191
482,Guatemala,2004,78.6,0.545,Latin America & Caribbean,482.53779716611604
483,Guatemala,2005,79.2333333333333,0.55,Latin America & Caribbean,480.6800962856829
484,Guatemala,2006,79.8666666666667,0.555,Latin America & Caribbean,533.029464489385
485,Guatemala,2007,80.5,0.565,Latin America & Caribbean,543.492303737309
486,Guatemala,2008,80.5,0.568,Latin America & Caribbean,530.544468136846
487,Guatemala,2009,80.5,0.569,Latin America & Caribbean,537.782071900604
488,Guatemala,2010,80.0,0.5715,Latin America & Caribbean,541.953110427406
489,Guatemala,2011,,0.574,Latin America & Caribbean,534.553702511867
490,Haiti,1980,31.4910315314463,0.332,Latin America & Caribbean,40.957412025939895
491,Haiti,1990,34.574215836090396,0.397,Latin America & Caribbean,58.3120602298791
492,Haiti,2000,34.0,0.421,Latin America & Caribbean,35.4419126935854
493,Haiti,2002,33.5,0.4242,Latin America & Caribbean,30.3348160040603
494,Haiti,2004,36.0,0.4274,Latin America & Caribbean,28.0727056758844
495,Haiti,2005,36.8333333333333,0.429,Latin America & Caribbean,37.0274253395404
496,Haiti,2006,37.6666666666667,0.433,Latin America & Caribbean,37.4091724952885
497,Haiti,2007,38.5,0.443,Latin America & Caribbean,25.322047791912198
498,Haiti,2008,38.5,0.445,Latin America & Caribbean,23.5960139840901
499,Haiti,2009,38.5,0.449,Latin America & Caribbean,35.7256312120225
500,Haiti,2010,20.0,0.4515,Latin America & Caribbean,24.4009345557935
501,Haiti,2011,,0.454,Latin America & Caribbean,31.1481831442198
502,Honduras,1980,26.7403189644535,0.451,Latin America & Caribbean,210.69596002051003
503,Honduras,1990,41.226465003901,0.513,Latin America & Caribbean,367.88684825706804
504,Honduras,2000,54.5,0.569,Latin America & Caribbean,492.161360872911
505,Honduras,2002,60.1,0.5802,Latin America & Caribbean,521.625834874534
506,Honduras,2004,61.9,0.5914,Latin America & Caribbean,544.824631014916
507,Honduras,2005,64.7,0.597,Latin America & Caribbean,580.0556864308741
508,Honduras,2006,67.5,0.604,Latin America & Caribbean,591.136453865499
509,Honduras,2007,70.3,0.613,Latin America & Caribbean,643.230151847983
510,Honduras,2008,70.3,0.619,Latin America & Caribbean,665.086683557192
511,Honduras,2009,70.3,0.619,Latin America & Caribbean,633.352420609728
512,Honduras,2010,79.9,0.622,Latin America & Caribbean,627.1066769594
513,Hungary,1980,45.8943341516206,0.7,Europe & Central Asia,2697.75659356695
514,Hungary,1990,54.4360048314896,0.706,Europe & Central Asia,3426.5511006953197
515,Hungary,2000,62.934403293233615,0.775,Europe & Central Asia,3309.2837106284996
516,Hungary,2002,64.5910143480941,0.7862,Europe & Central Asia,3545.17075567834
517,Hungary,2004,,0.7974,Europe & Central Asia,3680.16846694408
518,Hungary,2005,,0.8029999999999999,Europe & Central Asia,3771.36461398831
519,Hungary,2006,,0.8079999999999999,Europe & Central Asia,3882.4906641301
520,Hungary,2007,,0.809,Europe & Central Asia,3976.5189771454798
521,Hungary,2008,,0.8109999999999999,Europe & Central Asia,3988.767693930421
522,Hungary,2009,,0.8109999999999999,Europe & Central Asia,3773.15380662799
523,Hungary,2010,,0.8135,Europe & Central Asia,3876.49108407051
524,Hungary,2011,,0.816,Europe & Central Asia,3898.82314267127
525,Iceland,1980,,0.762,Europe & Central Asia,12680.9211968195
526,Iceland,1990,,0.807,Europe & Central Asia,16148.273724031298
527,Iceland,2000,,0.863,Europe & Central Asia,26201.5255774257
528,Iceland,2002,,0.875,Europe & Central Asia,27896.898682887997
529,Iceland,2004,,0.887,Europe & Central Asia,28215.4522484028
530,Iceland,2005,,0.893,Europe & Central Asia,27988.029683150602
531,Iceland,2006,,0.895,Europe & Central Asia,31328.3868036948
532,Iceland,2007,,0.899,Europe & Central Asia,36852.5448861557
533,Iceland,2008,,0.895,Europe & Central Asia,50063.9543309369
534,Iceland,2009,,0.897,Europe & Central Asia,51259.187626962696
535,Iceland,2010,,0.8975,Europe & Central Asia,51439.9086910178
536,Iceland,2011,,0.898,Europe & Central Asia,52373.8770085325
537,India,1980,25.15,0.344,South Asia,142.148884959918
538,India,1990,43.755,0.41,South Asia,273.04661349199
539,India,2000,43.0,0.461,South Asia,394.963809689004
540,India,2002,44.4,0.4782,South Asia,411.967397768276
541,India,2004,55.5,0.4954,South Asia,453.010205713409
542,India,2005,58.237,0.504,South Asia,469.45392309889013
543,India,2006,60.974,0.512,South Asia,510.75161794905296
544,India,2007,64.5,0.523,South Asia,543.3586453772531
545,India,2008,62.584,0.527,South Asia,562.899170204262
546,India,2009,75.0,0.535,South Asia,600.2017020706891
547,India,2010,75.0,0.541,South Asia,642.111615380326
548,Indonesia,1980,34.2659611286151,0.423,East Asia & Pacific,46.15894739971661
549,Indonesia,1990,39.8674614648652,0.481,East Asia & Pacific,162.502847203215
550,Indonesia,2000,53.4,0.5429999999999999,East Asia & Pacific,390.374551050948
551,Indonesia,2002,52.5,0.5546,East Asia & Pacific,417.207529767897
552,Indonesia,2004,54.0,0.5662,East Asia & Pacific,473.67648082840896
553,Indonesia,2005,57.5,0.5720000000000001,East Asia & Pacific,499.716094460157
554,Indonesia,2006,61.0,0.579,East Asia & Pacific,514.866540767666
555,Indonesia,2007,64.5,0.591,East Asia & Pacific,544.7120816673598
556,Indonesia,2008,64.5,0.598,East Asia & Pacific,568.396051485185
557,Indonesia,2009,64.5,0.607,East Asia & Pacific,592.156417436419
558,Indonesia,2010,73.0,0.612,East Asia & Pacific,634.176089773964
559,Indonesia,2011,,0.617,East Asia & Pacific,678.644292644355
560,Iraq,2005,38.3333333333333,0.552,Middle East & North Africa,833.850887867364
561,Iraq,2006,61.6666666666667,0.557,Middle East & North Africa,972.9975313662628
562,Iraq,2007,85.0,0.5579999999999999,Middle East & North Africa,768.8505490564371
563,Iraq,2008,85.5,0.564,Middle East & North Africa,750.1867738008078
564,Iraq,2009,86.0,0.565,Middle East & North Africa,836.504134585678
565,Iraq,2010,98.0,0.569,Middle East & North Africa,1195.99381081655
566,Ireland,1980,90.8024691362963,0.735,Europe & Central Asia,2868.31926863572
567,Ireland,1990,100.0,0.782,Europe & Central Asia,3767.52929873699
568,Ireland,2000,100.0,0.8690000000000001,Europe & Central Asia,5796.05558116396
569,Ireland,2002,100.0,0.8806,Europe & Central Asia,6035.6866458271215
570,Ireland,2004,,0.8922,Europe & Central Asia,6168.3989875836
571,Ireland,2005,,0.898,Europe & Central Asia,6241.71557392773
572,Ireland,2006,,0.904,Europe & Central Asia,6351.099110794648
573,Ireland,2007,,0.909,Europe & Central Asia,6218.31340354112
574,Ireland,2008,,0.909,Europe & Central Asia,6340.73304549415
575,Ireland,2009,,0.905,Europe & Central Asia,5947.9094892925095
576,Ireland,2010,,0.9065,Europe & Central Asia,5927.868679902329
577,Ireland,2011,,0.908,Europe & Central Asia,5661.60504492883
578,Israel,1980,98.7387332771805,0.763,Middle East & North Africa,3022.1763795771003
579,Israel,1990,95.1866935680602,0.802,Middle East & North Africa,4176.18025751073
580,Israel,2000,100.0,0.856,Middle East & North Africa,6323.10383208777
581,Israel,2002,100.0,0.8632,Middle East & North Africa,6502.7397260274
582,Israel,2004,96.6,0.8704,Middle East & North Africa,6525.92157438684
583,Israel,2005,97.6333333333333,0.8740000000000001,Middle East & North Africa,6572.19953536024
584,Israel,2006,98.6666666666667,0.877,Middle East & North Africa,6711.22956746105
585,Israel,2007,99.7,0.882,Middle East & North Africa,7003.24508015209
586,Israel,2008,99.7,0.882,Middle East & North Africa,7134.002845884409
587,Israel,2009,99.7,0.884,Middle East & North Africa,6607.887143315171
588,Israel,2010,99.7,0.8859999999999999,Middle East & North Africa,6953.276667191351
589,Israel,2011,,0.888,Middle East & North Africa,6930.0007726183985
590,Italy,1980,100.0,0.7170000000000001,Europe & Central Asia,3104.85457823273
591,Italy,1990,100.0,0.764,Europe & Central Asia,4144.907442342321
592,Italy,2000,100.0,0.825,Europe & Central Asia,5299.856478794221
593,Italy,2002,100.0,0.8394,Europe & Central Asia,5539.703836766739
594,Italy,2004,,0.8538,Europe & Central Asia,5687.99757345572
595,Italy,2005,,0.861,Europe & Central Asia,5731.101556812198
596,Italy,2006,,0.866,Europe & Central Asia,5833.46729676
597,Italy,2007,,0.8690000000000001,Europe & Central Asia,5804.32596356739
598,Italy,2008,,0.871,Europe & Central Asia,5757.960611477802
599,Italy,2009,,0.87,Europe & Central Asia,5368.39056667135
600,Italy,2010,,0.872,Europe & Central Asia,5493.71103670054
601,Italy,2011,,0.8740000000000001,Europe & Central Asia,5514.80361496787
602,Jamaica,1980,58.3737646234741,0.607,Latin America & Caribbean,661.105062539152
603,Jamaica,1990,68.90241963706761,0.637,Latin America & Caribbean,866.250151593777
604,Jamaica,2000,90.0,0.68,Latin America & Caribbean,2274.48601057487
605,Jamaica,2002,87.0,0.6888,Latin America & Caribbean,2343.21147594869
606,Jamaica,2004,87.3,0.6976,Latin America & Caribbean,2376.888987264261
607,Jamaica,2005,88.8666666666667,0.7020000000000001,Latin America & Caribbean,2392.99909315244
608,Jamaica,2006,90.4333333333333,0.71,Latin America & Caribbean,2366.78973393632
609,Jamaica,2007,92.0,0.7170000000000001,Latin America & Caribbean,1921.8387392103696
610,Jamaica,2008,92.0,0.7240000000000001,Latin America & Caribbean,1156.93865716266
611,Jamaica,2009,92.0,0.7240000000000001,Latin America & Caribbean,1218.58062638682
612,Jamaica,2010,92.0,0.7255,Latin America & Caribbean,1213.25708768604
613,Jamaica,2011,,0.727,Latin America & Caribbean,1203.39580271095
614,Japan,1980,100.0,0.778,East Asia & Pacific,4717.68765734445
615,Japan,1990,100.0,0.8270000000000001,East Asia & Pacific,6805.5400406356
616,Japan,2000,100.0,0.868,East Asia & Pacific,8299.40950624
617,Japan,2002,100.0,0.8752,East Asia & Pacific,8266.09910157323
618,Japan,2004,,0.8824,East Asia & Pacific,8393.25772340542
619,Japan,2005,,0.8859999999999999,East Asia & Pacific,8539.010589091591
620,Japan,2006,,0.8909999999999999,East Asia & Pacific,8542.478139127441
621,Japan,2007,,0.894,East Asia & Pacific,8710.0257029242
622,Japan,2008,,0.8959999999999999,East Asia & Pacific,8270.00773057011
623,Japan,2009,,0.895,East Asia & Pacific,8020.27380571197
624,Japan,2010,,0.898,East Asia & Pacific,8594.90903412197
625,Japan,2011,,0.901,East Asia & Pacific,8099.59869517261
626,Jordan,1980,52.5414116891741,0.541,Middle East & North Africa,366.404960870477
627,Jordan,1990,73.6863384128521,0.591,Middle East & North Africa,935.240362390193
628,Jordan,2000,95.0,0.6459999999999999,Middle East & North Africa,1294.49965021467
629,Jordan,2002,95.5,0.6568,Middle East & North Africa,1409.55402641103
630,Jordan,2004,99.9,0.6676,Middle East & North Africa,1564.4208075193399
631,Jordan,2005,99.9,0.6729999999999999,Middle East & North Africa,1592.5486921762601
632,Jordan,2006,99.9,0.6779999999999999,Middle East & North Africa,1695.0803406405405
633,Jordan,2007,99.9,0.685,Middle East & North Africa,1802.6248504204104
634,Jordan,2008,99.9,0.6920000000000001,Middle East & North Africa,1866.6151398297197
635,Jordan,2009,99.9,0.6940000000000001,Middle East & North Africa,1831.37187521807
636,Jordan,2010,99.4,0.696,Middle East & North Africa,1865.67423935487
637,Jordan,2011,,0.698,Middle East & North Africa,1868.13286911862
638,Kazakhstan,2000,63.9245030286698,0.657,Europe & Central Asia,3169.52334061606
639,Kazakhstan,2002,64.9142705500966,0.6798,Europe & Central Asia,3558.32727862026
640,Kazakhstan,2004,,0.7026,Europe & Central Asia,3859.19255897478
641,Kazakhstan,2005,,0.7140000000000001,Europe & Central Asia,4012.07391891836
642,Kazakhstan,2006,,0.721,Europe & Central Asia,4261.21257238986
643,Kazakhstan,2007,,0.727,Europe & Central Asia,4487.28613026757
644,Kazakhstan,2008,,0.7290000000000001,Europe & Central Asia,4689.166772999871
645,Kazakhstan,2009,,0.733,Europe & Central Asia,4447.35784253992
646,Kazakhstan,2010,,0.7390000000000001,Europe & Central Asia,4728.09588727955
647,Kazakhstan,2011,,0.745,Europe & Central Asia,4892.91279610548
648,Kenya,1980,14.8339669273509,0.42,Sub-Saharan Africa,104.92353858475501
649,Kenya,1990,17.3242046379883,0.456,Sub-Saharan Africa,125.20026166427401
650,Kenya,2000,7.9,0.443,Sub-Saharan Africa,106.103298954105
651,Kenya,2002,9.1,0.4526,Sub-Saharan Africa,114.951495316329
652,Kenya,2004,14.0,0.4622,Sub-Saharan Africa,127.86910400479499
653,Kenya,2005,14.333333333333302,0.467,Sub-Saharan Africa,130.214228204124
654,Kenya,2006,14.666666666666698,0.474,Sub-Saharan Africa,138.049041820898
655,Kenya,2007,15.0,0.486,Sub-Saharan Africa,141.7059521935
656,Kenya,2008,15.55,0.493,Sub-Saharan Africa,141.155136391725
657,Kenya,2009,16.1,0.499,Sub-Saharan Africa,142.10728956216698
658,Kenya,2010,18.1,0.504,Sub-Saharan Africa,150.27756125297898
659,Kuwait,1980,88.7295776814246,0.688,Middle East & North Africa,6048.889543094239
660,Kuwait,1990,94.6331659073477,0.7120000000000001,Middle East & North Africa,8206.26638693284
661,Kuwait,2000,100.0,0.754,Middle East & North Africa,14027.612458131001
662,Kuwait,2002,100.0,0.7532,Middle East & North Africa,15095.3922250474
663,Kuwait,2004,100.0,0.7524,Middle East & North Africa,16629.9884190641
664,Kuwait,2005,100.0,0.752,Middle East & North Africa,17028.291465034
665,Kuwait,2006,100.0,0.755,Middle East & North Africa,17738.924424694298
666,Kuwait,2007,100.0,0.7559999999999999,Middle East & North Africa,17097.4790385914
667,Kuwait,2008,100.0,0.757,Middle East & North Africa,17054.7516532571
668,Kuwait,2009,100.0,0.757,Middle East & North Africa,16531.3970965672
669,Kuwait,2010,100.0,0.7585,Middle East & North Africa,16722.6857962238
670,Kuwait,2011,,0.76,Middle East & North Africa,15786.334972396202
671,Latvia,1990,53.7557846221486,0.693,Europe & Central Asia,3396.7281614899
672,Latvia,2000,52.0166117027152,0.732,Europe & Central Asia,2082.32138708792
673,Latvia,2002,36.9866610238262,0.7528,Europe & Central Asia,2307.18651806596
674,Latvia,2004,,0.7736,Europe & Central Asia,2607.4599601789
675,Latvia,2005,,0.784,Europe & Central Asia,2777.3819802492303
676,Latvia,2006,,0.7929999999999999,Europe & Central Asia,2966.6099730566402
677,Latvia,2007,,0.8,Europe & Central Asia,3169.0772953995397
678,Latvia,2008,,0.8029999999999999,Europe & Central Asia,3213.1214400075
679,Latvia,2009,,0.7979999999999999,Europe & Central Asia,3026.61148851667
680,Latvia,2010,,0.8015,Europe & Central Asia,3229.95106206989
681,Latvia,2011,,0.805,Europe & Central Asia,3264.0533201534804
682,Lebanon,2005,99.9,0.711,Middle East & North Africa,2810.73889876022
683,Lebanon,2006,99.9,0.713,Middle East & North Africa,2694.61594390427
684,Lebanon,2007,99.9,0.721,Middle East & North Africa,2796.0589908248303
685,Lebanon,2008,99.9,0.726,Middle East & North Africa,2966.3976111195
686,Lebanon,2009,99.9,0.733,Middle East & North Africa,3140.45185022983
687,Lebanon,2010,99.9,0.736,Middle East & North Africa,3478.78936838807
688,Lebanon,2011,,0.7390000000000001,Middle East & North Africa,3342.5828093997693
689,Libya,2005,97.9333333333333,0.741,Middle East & North Africa,3431.39488955732
690,Libya,2006,98.8666666666667,0.748,Middle East & North Africa,3795.84234119734
691,Libya,2007,99.8,0.755,Middle East & North Africa,3795.582244426721
692,Libya,2008,99.8,0.759,Middle East & North Africa,3159.38436610267
693,Libya,2009,99.8,0.763,Middle East & North Africa,3148.96799619281
694,Libya,2010,99.8,0.7615,Middle East & North Africa,3377.2940798879604
695,Libya,2011,,0.76,Middle East & North Africa,2863.8083694504908
696,Lithuania,2000,63.885210575902995,0.7490000000000001,Europe & Central Asia,2516.90509827589
697,Lithuania,2002,53.1238965025667,0.7666,Europe & Central Asia,2848.91348324038
698,Lithuania,2004,,0.7842,Europe & Central Asia,3196.8493444771
699,Lithuania,2005,,0.7929999999999999,Europe & Central Asia,3187.03107994876
700,Lithuania,2006,,0.7979999999999999,Europe & Central Asia,3353.3043274293
701,Lithuania,2007,,0.8029999999999999,Europe & Central Asia,3564.2067852693103
702,Lithuania,2008,,0.8059999999999999,Europe & Central Asia,3733.62649539699
703,Lithuania,2009,,0.802,Europe & Central Asia,3622.2903169100896
704,Lithuania,2010,,0.8059999999999999,Europe & Central Asia,3470.78503022973
705,Lithuania,2011,,0.81,Europe & Central Asia,3529.9187778535497
706,Luxembourg,1980,,0.728,Europe & Central Asia,10784.0175751751
707,Luxembourg,1990,,0.7879999999999999,Europe & Central Asia,13667.670551263602
708,Luxembourg,2000,,0.8540000000000001,Europe & Central Asia,15668.1182672473
709,Luxembourg,2002,,0.8584,Europe & Central Asia,15980.2767972208
710,Luxembourg,2004,,0.8628,Europe & Central Asia,16300.112422095901
711,Luxembourg,2005,,0.865,Europe & Central Asia,15644.1467200392
712,Luxembourg,2006,,0.863,Europe & Central Asia,16456.6041169016
713,Luxembourg,2007,,0.868,Europe & Central Asia,16352.321804693
714,Luxembourg,2008,,0.867,Europe & Central Asia,15937.787782666499
715,Luxembourg,2009,,0.863,Europe & Central Asia,14425.9647276022
716,Luxembourg,2010,,0.865,Europe & Central Asia,16829.962540906203
717,Luxembourg,2011,,0.867,Europe & Central Asia,15586.084225432
718,Malaysia,1980,50.1956850590043,0.5589999999999999,East Asia & Pacific,658.785161027314
719,Malaysia,1990,73.5602780481223,0.631,East Asia & Pacific,1156.8149829465801
720,Malaysia,2000,96.9,0.705,East Asia & Pacific,2748.08407008348
721,Malaysia,2002,97.1,0.7182,East Asia & Pacific,2821.66756044336
722,Malaysia,2004,97.8,0.7314,East Asia & Pacific,2986.32217728143
723,Malaysia,2005,98.3333333333333,0.738,East Asia & Pacific,2877.23096177684
724,Malaysia,2006,98.8666666666667,0.742,East Asia & Pacific,3072.41942434326
725,Malaysia,2007,99.4,0.746,East Asia & Pacific,3284.51547734917
726,Malaysia,2008,99.4,0.75,East Asia & Pacific,3301.2346359341304
727,Malaysia,2009,99.4,0.752,East Asia & Pacific,3960.60435024575
728,Malaysia,2010,99.4,0.7565,East Asia & Pacific,4159.63993540334
729,Malaysia,2011,,0.7609999999999999,East Asia & Pacific,4104.88823378055
730,Malta,1980,,0.703,Middle East & North Africa,1664.32440114324
731,Malta,1990,,0.753,Middle East & North Africa,2823.502837620349
732,Malta,2000,,0.799,Middle East & North Africa,4311.8586366631
733,Malta,2002,,0.8094,Middle East & North Africa,4500.35230030634
734,Malta,2004,,0.8198,Middle East & North Africa,4797.29258251343
735,Malta,2005,,0.825,Middle East & North Africa,4912.909759950871
736,Malta,2006,,0.825,Middle East & North Africa,4897.51004174603
737,Malta,2007,,0.826,Middle East & North Africa,4873.08346692106
738,Malta,2008,,0.8290000000000001,Middle East & North Africa,4836.59396305135
739,Malta,2009,,0.8270000000000001,Middle East & North Africa,4434.1866334365295
740,Malta,2010,,0.8295,Middle East & North Africa,4767.09737809644
741,Malta,2011,,0.8320000000000001,Middle East & North Africa,4867.056799946189
742,Mauritius,1980,73.301,0.546,Sub-Saharan Africa,299.159764771402
743,Mauritius,1990,96.79,0.618,Sub-Saharan Africa,670.586290760549
744,Mauritius,2000,100.0,0.672,Sub-Saharan Africa,1363.24610973541
745,Mauritius,2002,100.0,0.6844,Sub-Saharan Africa,1473.49249265952
746,Mauritius,2004,93.6,0.6968,Sub-Saharan Africa,1614.24664804263
747,Mauritius,2005,95.5333333333333,0.703,Sub-Saharan Africa,1683.69083267793
748,Mauritius,2006,97.4666666666667,0.7090000000000001,Sub-Saharan Africa,1743.11748174224
749,Mauritius,2007,99.4,0.7140000000000001,Sub-Saharan Africa,1816.6711034744199
750,Mauritius,2008,99.4,0.718,Sub-Saharan Africa,1881.6497752228306
751,Mauritius,2009,99.4,0.722,Sub-Saharan Africa,1907.12256970136
752,Mauritius,2010,99.4,0.725,Sub-Saharan Africa,1995.3614843250202
753,Mauritius,2011,,0.728,Sub-Saharan Africa,2025.70416574843
754,Mexico,1980,67.508,0.593,Latin America & Caribbean,866.598114086543
755,Mexico,1990,86.54799999999999,0.649,Latin America & Caribbean,1165.39922257201
756,Mexico,2000,96.1696666666667,0.718,Latin America & Caribbean,1750.55615839426
757,Mexico,2002,96.96425,0.7272,Latin America & Caribbean,1796.7697529010602
758,Mexico,2004,97.31275,0.7364,Latin America & Caribbean,1882.39546299776
759,Mexico,2005,97.487,0.741,Latin America & Caribbean,1950.9878602290696
760,Mexico,2006,97.5646666666667,0.748,Latin America & Caribbean,1974.4691135657001
761,Mexico,2007,97.6423333333333,0.755,Latin America & Caribbean,1998.72409994511
762,Mexico,2008,97.72,0.7609999999999999,Latin America & Caribbean,1995.43718330226
763,Mexico,2009,97.9525,0.762,Latin America & Caribbean,1942.760547600489
764,Mexico,2010,98.185,0.7659999999999999,Latin America & Caribbean,1963.31468760871
765,Mexico,2011,,0.77,Latin America & Caribbean,2153.7153697778
766,Mongolia,1990,67.4550167340106,0.54,East Asia & Pacific,1489.3699823042905
767,Mongolia,2000,90.0,0.555,East Asia & Pacific,1053.62562337431
768,Mongolia,2002,90.0,0.5774,East Asia & Pacific,1096.71603116474
769,Mongolia,2004,64.6,0.5998,East Asia & Pacific,1195.91546407608
770,Mongolia,2005,65.4,0.611,East Asia & Pacific,1251.95630541876
771,Mongolia,2006,66.2,0.621,East Asia & Pacific,1299.055672921
772,Mongolia,2007,67.0,0.631,East Asia & Pacific,1333.88895962835
773,Mongolia,2008,67.0,0.6409999999999999,East Asia & Pacific,1425.72801736291
774,Mongolia,2009,67.0,0.642,East Asia & Pacific,1380.66004094759
775,Mongolia,2010,86.2,0.6475,East Asia & Pacific,1492.63635190681
776,Montenegro,2005,,0.757,Europe & Central Asia,6314.90522758241
777,Montenegro,2006,,0.762,Europe & Central Asia,6451.77025324174
778,Montenegro,2007,,0.767,Europe & Central Asia,6564.6437994723
779,Montenegro,2008,,0.7709999999999999,Europe & Central Asia,6287.18784898431
780,Montenegro,2009,,0.768,Europe & Central Asia,5010.561318725399
781,Montenegro,2010,,0.7695,Europe & Central Asia,5419.51606966427
782,Montenegro,2011,,0.7709999999999999,Europe & Central Asia,5741.20394336851
783,Morocco,1980,35.1360895777778,0.364,Middle East & North Africa,236.515294047952
784,Morocco,1990,49.7875,0.435,Middle East & North Africa,358.13140777879096
785,Morocco,2000,71.1,0.507,Middle East & North Africa,489.08788091185
786,Morocco,2002,77.4,0.525,Middle East & North Africa,534.962155527472
787,Morocco,2004,85.1,0.5429999999999999,Middle East & North Africa,610.982003052756
788,Morocco,2005,89.0666666666667,0.552,Middle East & North Africa,633.1036231691751
789,Morocco,2006,93.0333333333333,0.5589999999999999,Middle East & North Africa,686.733045785939
790,Morocco,2007,97.0,0.565,Middle East & North Africa,715.8484975972342
791,Morocco,2008,97.0,0.57,Middle East & North Africa,732.129827478083
792,Morocco,2009,97.0,0.575,Middle East & North Africa,744.297488672752
793,Morocco,2010,98.9,0.5785,Middle East & North Africa,774.368390835825
794,Morocco,2011,,0.5820000000000001,Middle East & North Africa,823.8883054332159
795,Mozambique,1990,17.2946781002793,0.2,Sub-Saharan Africa,41.3658302692048
796,Mozambique,2000,7.2,0.245,Sub-Saharan Africa,123.14802664004499
797,Mozambique,2002,8.7,0.261,Sub-Saharan Africa,260.55846974904097
798,Mozambique,2004,6.3,0.277,Sub-Saharan Africa,440.020174565623
799,Mozambique,2005,8.1,0.285,Sub-Saharan Africa,441.761175582742
800,Mozambique,2006,9.9,0.29,Sub-Saharan Africa,449.055185754351
801,Mozambique,2007,11.7,0.299,Sub-Saharan Africa,449.153874952695
802,Mozambique,2008,11.7,0.304,Sub-Saharan Africa,432.358936878484
803,Mozambique,2009,11.7,0.312,Sub-Saharan Africa,431.89818017406304
804,Mozambique,2010,15.0,0.317,Sub-Saharan Africa,440.395592245784
805,Myanmar,1980,,0.279,East Asia & Pacific,34.8219966657189
806,Myanmar,1990,,0.298,East Asia & Pacific,44.8724654626011
807,Myanmar,2000,5.0,0.38,East Asia & Pacific,76.2764889958148
808,Myanmar,2002,5.0,0.4024,East Asia & Pacific,73.90716462502719
809,Myanmar,2004,11.3,0.4248,East Asia & Pacific,81.333440751719
810,Myanmar,2005,,0.436,East Asia & Pacific,75.57348289842619
811,Myanmar,2006,,0.448,East Asia & Pacific,89.1568959511796
812,Myanmar,2007,13.0,0.459,East Asia & Pacific,90.27571329507248
813,Myanmar,2008,,0.468,East Asia & Pacific,95.0085602692592
814,Myanmar,2009,13.0,0.474,East Asia & Pacific,100.259655036908
815,Myanmar,2010,48.8,0.4785,East Asia & Pacific,125.408984818056
816,Myanmar,2011,,0.483,East Asia & Pacific,155.717666068331
817,Namibia,2000,34.0,0.5770000000000001,Sub-Saharan Africa,994.072945367583
818,Namibia,2002,34.7,0.5834,Sub-Saharan Africa,1063.6308084970199
819,Namibia,2004,34.0,0.5898,Sub-Saharan Africa,1380.1320706261301
820,Namibia,2005,34.0,0.593,Sub-Saharan Africa,1451.1395554365802
821,Namibia,2006,34.0,0.6,Sub-Saharan Africa,1540.56896466177
822,Namibia,2007,34.0,0.607,Sub-Saharan Africa,1549.58255505634
823,Namibia,2008,34.0,0.613,Sub-Saharan Africa,1589.93531541155
824,Namibia,2009,34.0,0.617,Sub-Saharan Africa,1541.85228166061
825,Namibia,2010,43.7,0.621,Sub-Saharan Africa,1546.58862399168
826,Nepal,1980,25.45946112905689,0.242,South Asia,12.481409577925
827,Nepal,1990,31.6478663220067,0.34,South Asia,35.4677902862629
828,Nepal,2000,15.4,0.398,South Asia,59.306906967470596
829,Nepal,2002,25.9,0.4084,South Asia,67.9791887615991
830,Nepal,2004,33.0,0.4188,South Asia,74.75468944424671
831,Nepal,2005,36.533333333333296,0.424,South Asia,77.3782290346438
832,Nepal,2006,40.06666666666671,0.4320000000000001,South Asia,84.23083829382941
833,Nepal,2007,43.6,0.4370000000000001,South Asia,88.1942969188414
834,Nepal,2008,43.6,0.443,South Asia,84.0765921891335
835,Nepal,2009,43.6,0.449,South Asia,97.45297342446942
836,Nepal,2010,76.3,0.4535,South Asia,102.50475361169201
837,Netherlands,1980,95.7407407407407,0.792,Europe & Central Asia,4364.160624178429
838,Netherlands,1990,100.0,0.835,Europe & Central Asia,5218.20204113163
839,Netherlands,2000,100.0,0.882,Europe & Central Asia,6507.105924939438
840,Netherlands,2002,100.0,0.8852,Europe & Central Asia,6641.740761879632
841,Netherlands,2004,,0.8884,Europe & Central Asia,6882.97022088311
842,Netherlands,2005,,0.89,Europe & Central Asia,6912.37208536246
843,Netherlands,2006,,0.897,Europe & Central Asia,7025.83447881547
844,Netherlands,2007,,0.902,Europe & Central Asia,7157.37857667485
845,Netherlands,2008,,0.904,Europe & Central Asia,7173.04629878655
846,Netherlands,2009,,0.905,Europe & Central Asia,6856.28189731542
847,Netherlands,2010,,0.9075,Europe & Central Asia,7006.2738205305295
848,New Zealand,1980,100.0,0.8,East Asia & Pacific,6343.60242860355
849,New Zealand,1990,100.0,0.828,East Asia & Pacific,8972.310649288249
850,New Zealand,2000,100.0,0.878,East Asia & Pacific,9384.3481867434
851,New Zealand,2002,100.0,0.8864,East Asia & Pacific,9526.65569203495
852,New Zealand,2004,,0.8948,East Asia & Pacific,9666.2996941896
853,New Zealand,2005,,0.899,East Asia & Pacific,9673.67377053146
854,New Zealand,2006,,0.901,East Asia & Pacific,9700.09080915739
855,New Zealand,2007,,0.903,East Asia & Pacific,9640.60798333254
856,New Zealand,2008,,0.904,East Asia & Pacific,9556.31719799052
857,New Zealand,2009,,0.906,East Asia & Pacific,9403.84883558778
858,New Zealand,2010,,0.907,East Asia & Pacific,9601.90314202312
859,New Zealand,2011,,0.908,East Asia & Pacific,9458.48540145985
860,Nicaragua,1980,26.7350604511578,0.457,Latin America & Caribbean,259.699499370752
861,Nicaragua,1990,38.8942143268488,0.473,Latin America & Caribbean,308.35564166565104
862,Nicaragua,2000,48.0,0.5329999999999999,Latin America & Caribbean,347.736411026029
863,Nicaragua,2002,46.6,0.5462,Latin America & Caribbean,355.586733579105
864,Nicaragua,2004,69.3,0.5594,Latin America & Caribbean,396.63235401302086
865,Nicaragua,2005,70.2333333333333,0.5660000000000001,Latin America & Caribbean,416.96658021225
866,Nicaragua,2006,71.1666666666667,0.5710000000000001,Latin America & Caribbean,429.70813423553705
867,Nicaragua,2007,72.1,0.5770000000000001,Latin America & Caribbean,464.134516794861
868,Nicaragua,2008,72.1,0.583,Latin America & Caribbean,477.968921652779
869,Nicaragua,2009,72.1,0.5820000000000001,Latin America & Caribbean,484.066141470492
870,Nicaragua,2010,72.1,0.5855,Latin America & Caribbean,514.141236863474
871,Niger,2000,7.76262522911979,0.229,Sub-Saharan Africa,32.6786648748306
872,Niger,2002,8.10204275625669,0.2434,Sub-Saharan Africa,30.394882779799598
873,Niger,2004,,0.2578,Sub-Saharan Africa,33.518671271116396
874,Niger,2005,,0.265,Sub-Saharan Africa,36.7149005000496
875,Niger,2006,,0.269,Sub-Saharan Africa,34.8852085583535
876,Niger,2007,,0.273,Sub-Saharan Africa,39.131904377987496
877,Niger,2008,,0.282,Sub-Saharan Africa,39.2684124036964
878,Niger,2009,,0.285,Sub-Saharan Africa,42.6839328128339
879,Niger,2010,,0.29,Sub-Saharan Africa,44.32111917157501
880,Nigeria,2005,46.2666666666667,0.429,Sub-Saharan Africa,129.257718961633
881,Nigeria,2006,46.5333333333333,0.438,Sub-Saharan Africa,111.693028039711
882,Nigeria,2007,46.8,0.441,Sub-Saharan Africa,138.83631455314898
883,Nigeria,2008,48.7,0.446,Sub-Saharan Africa,127.17879572103001
884,Nigeria,2009,50.6,0.449,Sub-Saharan Africa,120.57472167443001
885,Nigeria,2010,50.3,0.454,Sub-Saharan Africa,136.361692098515
886,Nigeria,2011,,0.459,Sub-Saharan Africa,150.131624415949
887,Norway,1980,100.0,0.7959999999999999,Europe & Central Asia,18725.6768862498
888,Norway,1990,100.0,0.8440000000000001,Europe & Central Asia,23353.915019617
889,Norway,2000,100.0,0.913,Europe & Central Asia,24993.7262954727
890,Norway,2002,100.0,0.923,Europe & Central Asia,24620.3361318984
891,Norway,2004,,0.933,Europe & Central Asia,24214.1069838041
892,Norway,2005,,0.938,Europe & Central Asia,25083.2145326781
893,Norway,2006,,0.94,Europe & Central Asia,24099.9322630596
894,Norway,2007,,0.942,Europe & Central Asia,24855.00046399
895,Norway,2008,,0.941,Europe & Central Asia,24866.1343077867
896,Norway,2009,,0.941,Europe & Central Asia,23859.7095797111
897,Norway,2010,,0.942,Europe & Central Asia,24890.9240104621
898,Oman,2005,96.3333333333333,0.6940000000000001,Middle East & North Africa,3923.91257169184
899,Oman,2006,97.1666666666667,0.695,Middle East & North Africa,4209.07389921219
900,Oman,2007,98.0,0.6970000000000001,Middle East & North Africa,4378.16072183695
901,Oman,2008,98.0,0.7020000000000001,Middle East & North Africa,4776.70646107631
902,Oman,2009,98.0,0.703,Middle East & North Africa,5239.439433745109
903,Oman,2010,98.0,0.7040000000000001,Middle East & North Africa,5521.03266194525
904,Oman,2011,,0.705,Middle East & North Africa,5879.031331357181
905,Pakistan,1980,31.067560886354297,0.359,South Asia,136.022191074505
906,Pakistan,1990,39.52095943783221,0.399,South Asia,277.353124177471
907,Pakistan,2000,52.9,0.436,South Asia,372.399485039645
908,Pakistan,2002,53.0,0.4536,South Asia,384.78676687469596
909,Pakistan,2004,54.0,0.4712,South Asia,429.107781321565
910,Pakistan,2005,55.2,0.48,South Asia,463.057333494198
911,Pakistan,2006,56.4,0.483,South Asia,486.791369546511
912,Pakistan,2007,57.6,0.493,South Asia,480.986524955247
913,Pakistan,2008,60.0,0.495,South Asia,442.70937551176087
914,Pakistan,2009,62.4,0.499,South Asia,458.83982467959504
915,Pakistan,2010,67.4,0.5015,South Asia,465.161323526261
916,Pakistan,2011,,0.504,South Asia,455.32241388164397
917,Panama,1980,66.5224104692825,0.628,Latin America & Caribbean,773.282630252636
918,Panama,1990,72.453748424945,0.66,Latin America & Caribbean,833.262849305689
919,Panama,2000,76.1,0.718,Latin America & Caribbean,1266.52162277125
920,Panama,2002,85.1,0.7268,Latin America & Caribbean,1324.11848478931
921,Panama,2004,85.2,0.7356,Latin America & Caribbean,1424.0531010316101
922,Panama,2005,86.1666666666667,0.74,Latin America & Caribbean,1455.05207230822
923,Panama,2006,87.1333333333333,0.745,Latin America & Caribbean,1477.9305434556695
924,Panama,2007,88.1,0.752,Latin America & Caribbean,1571.88864345923
925,Panama,2008,88.1,0.758,Latin America & Caribbean,1626.72469788992
926,Panama,2009,88.1,0.76,Latin America & Caribbean,1639.3877719217098
927,Panama,2010,88.1,0.764,Latin America & Caribbean,1744.8840614159699
928,Panama,2011,,0.768,Latin America & Caribbean,1824.0015189674
929,Paraguay,1980,26.6693290349612,0.544,Latin America & Caribbean,241.776000352131
930,Paraguay,1990,49.1861749518368,0.5720000000000001,Latin America & Caribbean,505.488945455132
931,Paraguay,2000,74.7,0.612,Latin America & Caribbean,887.4724197107132
932,Paraguay,2002,85.3,0.6212,Latin America & Caribbean,884.7965485310181
933,Paraguay,2004,85.8,0.6304,Latin America & Caribbean,828.2284956887939
934,Paraguay,2005,88.7,0.635,Latin America & Caribbean,863.7745117154808
935,Paraguay,2006,91.6,0.639,Latin America & Caribbean,920.8206437891099
936,Paraguay,2007,94.5,0.643,Latin America & Caribbean,984.050207176845
937,Paraguay,2008,95.6,0.65,Latin America & Caribbean,1033.55036788605
938,Paraguay,2009,96.7,0.6509999999999999,Latin America & Caribbean,1092.88155021095
939,Paraguay,2010,97.4,0.6579999999999999,Latin America & Caribbean,1178.60627513234
940,Paraguay,2011,,0.665,Latin America & Caribbean,1282.53547985369
941,Peru,1980,63.097497392973004,0.574,Latin America & Caribbean,502.848070639526
942,Peru,1990,64.9363371221389,0.612,Latin America & Caribbean,546.350247481772
943,Peru,2000,73.0,0.674,Latin America & Caribbean,680.18839678935
944,Peru,2002,75.7,0.6808,Latin America & Caribbean,740.8238049427879
945,Peru,2004,72.3,0.6876,Latin America & Caribbean,802.839594071747
946,Peru,2005,73.8333333333333,0.691,Latin America & Caribbean,837.2928906162573
947,Peru,2006,75.3666666666667,0.6970000000000001,Latin America & Caribbean,887.622529762492
948,Peru,2007,76.9,0.7040000000000001,Latin America & Caribbean,968.128766957894
949,Peru,2008,81.3,0.7120000000000001,Latin America & Caribbean,1039.4532780205802
950,Peru,2009,85.7,0.7140000000000001,Latin America & Caribbean,1040.63557800634
951,Peru,2010,85.5,0.7195,Latin America & Caribbean,1094.3142706901301
952,Peru,2011,,0.725,Latin America & Caribbean,1241.6671256162101
953,Philippines,1980,17.2249638012072,0.55,East Asia & Pacific,373.504904364347
954,Philippines,1990,46.8510672412957,0.5710000000000001,East Asia & Pacific,360.74183514684097
955,Philippines,2000,87.4,0.602,East Asia & Pacific,499.348846283628
956,Philippines,2002,89.1,0.61,East Asia & Pacific,522.383821626643
957,Philippines,2004,80.5,0.618,East Asia & Pacific,575.4707987068219
958,Philippines,2005,82.3333333333333,0.622,East Asia & Pacific,576.649550664818
959,Philippines,2006,84.1666666666667,0.624,East Asia & Pacific,568.2533897644851
960,Philippines,2007,86.0,0.63,East Asia & Pacific,582.382881439621
961,Philippines,2008,87.85,0.635,East Asia & Pacific,585.563730129003
962,Philippines,2009,89.7,0.636,East Asia & Pacific,590.126667519619
963,Philippines,2010,83.3,0.64,East Asia & Pacific,639.540798994318
964,Philippines,2011,,0.644,East Asia & Pacific,645.437968117279
965,Poland,2000,100.0,0.77,Europe & Central Asia,3256.1804553947804
966,Poland,2002,100.0,0.7784,Europe & Central Asia,3208.39215655912
967,Poland,2004,,0.7868,Europe & Central Asia,3416.11863238342
968,Poland,2005,,0.7909999999999999,Europe & Central Asia,3437.32399818737
969,Poland,2006,,0.795,Europe & Central Asia,3584.9621880678496
970,Poland,2007,,0.8,Europe & Central Asia,3661.64610383478
971,Poland,2008,,0.804,Europe & Central Asia,3725.74877788007
972,Poland,2009,,0.807,Europe & Central Asia,3590.8320811578997
973,Poland,2010,,0.81,Europe & Central Asia,3797.092295586911
974,Portugal,1980,77.3324408740741,0.639,Europe & Central Asia,1558.5207599347598
975,Portugal,1990,100.0,0.708,Europe & Central Asia,2541.86575911695
976,Portugal,2000,100.0,0.778,Europe & Central Asia,3988.9608235183705
977,Portugal,2002,100.0,0.7824,Europe & Central Asia,4271.168527944989
978,Portugal,2004,,0.7868,Europe & Central Asia,4533.53969496543
979,Portugal,2005,,0.789,Europe & Central Asia,4682.99101332625
980,Portugal,2006,,0.7909999999999999,Europe & Central Asia,4827.46718204254
981,Portugal,2007,,0.7979999999999999,Europe & Central Asia,4890.56018781815
982,Portugal,2008,,0.802,Europe & Central Asia,4850.83741255711
983,Portugal,2009,,0.805,Europe & Central Asia,4843.84969427758
984,Portugal,2010,,0.807,Europe & Central Asia,4959.094305359829
985,Portugal,2011,,0.809,Europe & Central Asia,4848.27933727111
986,Qatar,1980,81.217724248487,0.703,Middle East & North Africa,9710.64685509999
987,Qatar,1990,94.4499355049651,0.743,Middle East & North Africa,9587.67538750538
988,Qatar,2000,95.0,0.784,Middle East & North Africa,14353.3237543203
989,Qatar,2002,95.6,0.7976,Middle East & North Africa,15760.641453151002
990,Qatar,2004,70.5,0.8112,Middle East & North Africa,16231.0322788939
991,Qatar,2005,79.9,0.818,Middle East & North Africa,15467.1896011276
992,Qatar,2006,89.3,0.816,Middle East & North Africa,15702.9717473193
993,Qatar,2007,98.7,0.825,Middle East & North Africa,15192.920841973999
994,Qatar,2008,98.7,0.825,Middle East & North Africa,14457.203481936102
995,Qatar,2009,98.7,0.818,Middle East & North Africa,14232.640591408
996,Qatar,2010,98.7,0.8245,Middle East & North Africa,14821.2371240608
997,Qatar,2011,,0.831,Middle East & North Africa,14761.374429191
998,Romania,1990,59.3397153129267,0.7,Europe & Central Asia,2924.5962657695
999,Romania,2000,65.6824623707514,0.7040000000000001,Europe & Central Asia,1987.660189909789
1000,Romania,2002,66.62603790219539,0.7216,Europe & Central Asia,2079.79606171898
1001,Romania,2004,,0.7392,Europe & Central Asia,2295.5705054898103
1002,Romania,2005,,0.748,Europe & Central Asia,2365.41956412583
1003,Romania,2006,,0.757,Europe & Central Asia,2446.28607665653
1004,Romania,2007,,0.767,Europe & Central Asia,2529.90688781899
1005,Romania,2008,,0.778,Europe & Central Asia,2605.8197354886997
1006,Romania,2009,,0.778,Europe & Central Asia,2390.57474297148
1007,Romania,2010,,0.7795,Europe & Central Asia,2550.8632914192003
1008,Romania,2011,,0.7809999999999999,Europe & Central Asia,2639.03343377907
1009,Russian Federation,2000,,0.691,,5198.416767728039
1010,Russian Federation,2002,,0.7046,,5304.43172337096
1011,Russian Federation,2004,,0.7182,,5633.855746088902
1012,Russian Federation,2005,,0.725,,5770.112335952621
1013,Russian Federation,2006,,0.733,,6098.538123103771
1014,Russian Federation,2007,,0.742,,6286.0505362386
1015,Russian Federation,2008,,0.748,,6399.68446645302
1016,Russian Federation,2009,,0.747,,6095.3805748492005
1017,Russian Federation,2010,,0.7509999999999999,,6409.895217726739
1018,Russian Federation,2011,,0.755,,6485.760844708921
1019,Saudi Arabia,1980,88.7544926181843,0.6509999999999999,Middle East & North Africa,1961.17302436945
1020,Saudi Arabia,1990,93.8626860894228,0.693,Middle East & North Africa,3994.8391648953
1021,Saudi Arabia,2000,97.7,0.726,Middle East & North Africa,5637.55736284448
1022,Saudi Arabia,2002,98.4,0.7340000000000001,Middle East & North Africa,6021.46194602943
1023,Saudi Arabia,2004,96.7,0.742,Middle East & North Africa,6326.08790174649
1024,Saudi Arabia,2005,97.4666666666667,0.746,Middle East & North Africa,6590.28194752589
1025,Saudi Arabia,2006,98.2333333333333,0.7509999999999999,Middle East & North Africa,6820.48771393922
1026,Saudi Arabia,2007,99.0,0.755,Middle East & North Africa,6923.85000512225
1027,Saudi Arabia,2008,99.0,0.76,Middle East & North Africa,7188.99246244425
1028,Saudi Arabia,2009,99.0,0.763,Middle East & North Africa,7468.3367307426
1029,Saudi Arabia,2010,99.0,0.7665,Middle East & North Africa,7973.5135790271925
1030,Saudi Arabia,2011,,0.77,Middle East & North Africa,8023.544143675799
1031,Senegal,1980,35.6170675218075,0.317,Sub-Saharan Africa,102.81358770070601
1032,Senegal,1990,33.0178379494894,0.365,Sub-Saharan Africa,103.234454578627
1033,Senegal,2000,30.1,0.399,Sub-Saharan Africa,101.678947055317
1034,Senegal,2002,31.4,0.4122,Sub-Saharan Africa,145.71705825441
1035,Senegal,2004,33.0,0.4254,Sub-Saharan Africa,138.463650416614
1036,Senegal,2005,36.0,0.4320000000000001,Sub-Saharan Africa,157.937782290455
1037,Senegal,2006,39.0,0.436,Sub-Saharan Africa,157.137426803682
1038,Senegal,2007,42.0,0.445,Sub-Saharan Africa,181.158855766642
1039,Senegal,2008,42.0,0.451,Sub-Saharan Africa,158.309309021656
1040,Senegal,2009,42.0,0.453,Sub-Saharan Africa,189.069850434036
1041,Senegal,2010,53.5,0.456,Sub-Saharan Africa,199.12932791761398
1042,Senegal,2011,,0.459,Sub-Saharan Africa,199.685585422351
1043,Serbia,2000,,0.7190000000000001,Europe & Central Asia,4198.71570574319
1044,Serbia,2002,,0.7290000000000001,Europe & Central Asia,4480.34435168736
1045,Serbia,2004,,0.7390000000000001,Europe & Central Asia,4258.25156833764
1046,Serbia,2005,,0.7440000000000001,Europe & Central Asia,3921.90645886198
1047,Serbia,2006,,0.7490000000000001,Europe & Central Asia,4040.44002019006
1048,Serbia,2007,,0.754,Europe & Central Asia,4159.13722524679
1049,Serbia,2008,,0.76,Europe & Central Asia,4291.843157934551
1050,Serbia,2009,,0.7609999999999999,Europe & Central Asia,4224.39766544863
1051,Serbia,2010,,0.7635,Europe & Central Asia,4358.81217362396
1052,Serbia,2011,,0.7659999999999999,Europe & Central Asia,4489.57085049569
1053,Singapore,2000,100.0,0.8009999999999999,East Asia & Pacific,7575.4359543850205
1054,Singapore,2002,100.0,0.8146,East Asia & Pacific,7756.31892144302
1055,Singapore,2004,100.0,0.8282,East Asia & Pacific,8314.32532116821
1056,Singapore,2005,100.0,0.835,East Asia & Pacific,8678.16816784434
1057,Singapore,2006,100.0,0.843,East Asia & Pacific,8720.02208405801
1058,Singapore,2007,100.0,0.85,East Asia & Pacific,8706.57906694396
1059,Singapore,2008,100.0,0.855,East Asia & Pacific,8401.04839529561
1060,Singapore,2009,100.0,0.856,East Asia & Pacific,8114.36744885739
1061,Singapore,2010,100.0,0.861,East Asia & Pacific,8679.99335005275
1062,Singapore,2011,,0.866,East Asia & Pacific,8651.75527539466
1063,Slovenia,2000,100.0,0.805,Europe & Central Asia,5777.99565091695
1064,Slovenia,2002,100.0,0.8222,Europe & Central Asia,6380.95190345595
1065,Slovenia,2004,,0.8394,Europe & Central Asia,6830.70507337963
1066,Slovenia,2005,,0.848,Europe & Central Asia,6917.8604670693
1067,Slovenia,2006,,0.858,Europe & Central Asia,7123.537771293381
1068,Slovenia,2007,,0.868,Europe & Central Asia,7137.8241751489795
1069,Slovenia,2008,,0.875,Europe & Central Asia,6920.244039032
1070,Slovenia,2009,,0.8759999999999999,Europe & Central Asia,6104.421844916988
1071,Slovenia,2010,,0.88,Europe & Central Asia,6510.84188436593
1072,Slovenia,2011,,0.884,Europe & Central Asia,6753.07366418182
1073,South Africa,1980,60.0534936835499,0.564,Sub-Saharan Africa,3376.9290815323493
1074,South Africa,1990,34.678000000000004,0.615,Sub-Saharan Africa,4152.97709496872
1075,South Africa,2000,66.1,0.616,Sub-Saharan Africa,4503.77408395652
1076,South Africa,2002,67.1,0.6092,Sub-Saharan Africa,4444.52496697956
1077,South Africa,2004,70.0,0.6024,Sub-Saharan Africa,4498.97864952087
1078,South Africa,2005,69.892,0.599,Sub-Saharan Africa,4547.651271535329
1079,South Africa,2006,69.78399999999999,0.601,Sub-Saharan Africa,4638.22422318901
1080,South Africa,2007,75.0,0.604,Sub-Saharan Africa,4777.05886007069
1081,South Africa,2008,75.0,0.608,Sub-Saharan Africa,4606.6294879155
1082,South Africa,2009,75.0,0.61,Sub-Saharan Africa,4385.254323365971
1083,South Africa,2010,75.8,0.6145,Sub-Saharan Africa,4510.21653470916
1084,South Africa,2011,,0.619,Sub-Saharan Africa,4543.6284845436
1085,Spain,1980,100.0,0.691,Europe & Central Asia,2644.22297893384
1086,Spain,1990,100.0,0.7490000000000001,Europe & Central Asia,3536.74997212311
1087,Spain,2000,100.0,0.8390000000000001,Europe & Central Asia,5167.80967319354
1088,Spain,2002,100.0,0.8462,Europe & Central Asia,5576.5462645647995
1089,Spain,2004,,0.8534,Europe & Central Asia,5892.3074109379395
1090,Spain,2005,,0.857,Europe & Central Asia,6111.219223444449
1091,Spain,2006,,0.862,Europe & Central Asia,6105.075849287211
1092,Spain,2007,,0.866,Europe & Central Asia,6054.374438095921
1093,Spain,2008,,0.871,Europe & Central Asia,6025.77275684571
1094,Spain,2009,,0.8740000000000001,Europe & Central Asia,5652.59593296768
1095,Spain,2010,,0.8759999999999999,Europe & Central Asia,5706.5630627991395
1096,Spain,2011,,0.878,Europe & Central Asia,5599.37737439498
1097,Sri Lanka,1980,37.6117926128924,0.539,South Asia,94.773453536666
1098,Sri Lanka,1990,49.3130553459558,0.583,South Asia,151.416240996028
1099,Sri Lanka,2000,62.0,0.633,South Asia,294.751265817191
1100,Sri Lanka,2002,65.5,0.6446,South Asia,303.159087689474
1101,Sri Lanka,2004,66.0,0.6562,South Asia,354.625707793166
1102,Sri Lanka,2005,69.5333333333333,0.662,South Asia,400.5212307495
1103,Sri Lanka,2006,73.0666666666667,0.667,South Asia,403.6064593505149
1104,Sri Lanka,2007,76.6,0.6729999999999999,South Asia,420.982728148788
1105,Sri Lanka,2008,76.6,0.6759999999999999,South Asia,427.207047567632
1106,Sri Lanka,2009,76.6,0.68,South Asia,426.150104662067
1107,Sri Lanka,2010,76.6,0.6855,South Asia,461.126706717127
1108,Sri Lanka,2011,,0.691,South Asia,504.20829084218803
1109,Sudan,1980,36.8605756539004,0.264,Sub-Saharan Africa,36.71658919832471
1110,Sudan,1990,38.549777967286786,0.298,Sub-Saharan Africa,49.745849927247704
1111,Sudan,2000,30.0,0.35700000000000004,Sub-Saharan Africa,62.405344106087
1112,Sudan,2002,31.0,0.3674,Sub-Saharan Africa,60.94576248297871
1113,Sudan,2004,30.0,0.3778,Sub-Saharan Africa,64.52656634967279
1114,Sudan,2005,30.466666666666693,0.383,Sub-Saharan Africa,75.8794400915482
1115,Sudan,2006,30.9333333333333,0.39,Sub-Saharan Africa,84.2570358321467
1116,Sudan,2007,31.4,0.395,Sub-Saharan Africa,90.54622291636812
1117,Sudan,2008,33.65,0.399,Sub-Saharan Africa,98.4231778135704
1118,Sudan,2009,35.9,0.403,Sub-Saharan Africa,112.82160557789301
1119,Sudan,2010,35.9,0.4055,Sub-Saharan Africa,131.055268893964
1120,Sudan,2011,,0.408,Sub-Saharan Africa,141.64534413672502
1121,Suriname,2005,,0.659,Latin America & Caribbean,2767.83459532695
1122,Suriname,2006,,0.662,Latin America & Caribbean,2768.15511186638
1123,Suriname,2007,,0.6679999999999999,Latin America & Caribbean,2776.11559627628
1124,Suriname,2008,,0.672,Latin America & Caribbean,3043.78547524207
1125,Suriname,2009,,0.674,Latin America & Caribbean,3040.611272350801
1126,Suriname,2010,,0.677,Latin America & Caribbean,2997.51189405877
1127,Suriname,2011,,0.68,Latin America & Caribbean,3339.04576656026
1128,Sweden,1980,100.0,0.785,Europe & Central Asia,10703.4075199286
1129,Sweden,1990,100.0,0.816,Europe & Central Asia,15836.0337592675
1130,Sweden,2000,100.0,0.894,Europe & Central Asia,15681.615273211799
1131,Sweden,2002,100.0,0.8948,Europe & Central Asia,15709.4296690248
1132,Sweden,2004,,0.8956,Europe & Central Asia,15420.9731416948
1133,Sweden,2005,,0.8959999999999999,Europe & Central Asia,15430.963948235902
1134,Sweden,2006,,0.898,Europe & Central Asia,15262.587267998899
1135,Sweden,2007,,0.899,Europe & Central Asia,15257.9357531603
1136,Sweden,2008,,0.9,Europe & Central Asia,14869.3489776224
1137,Sweden,2009,,0.898,Europe & Central Asia,14143.0110076717
1138,Sweden,2010,,0.901,Europe & Central Asia,14934.326964683602
1139,Sweden,2011,,0.904,Europe & Central Asia,14030.1631469203
1140,Switzerland,1980,100.0,0.81,Europe & Central Asia,5992.333459083511
1141,Switzerland,1990,100.0,0.833,Europe & Central Asia,7445.292016894
1142,Switzerland,2000,100.0,0.873,Europe & Central Asia,7845.63454779552
1143,Switzerland,2002,100.0,0.8798,Europe & Central Asia,8031.4322256362
1144,Switzerland,2004,,0.8866,Europe & Central Asia,8205.82911852766
1145,Switzerland,2005,,0.89,Europe & Central Asia,8305.371101562909
1146,Switzerland,2006,,0.893,Europe & Central Asia,8360.57613549238
1147,Switzerland,2007,,0.893,Europe & Central Asia,8163.295576005509
1148,Switzerland,2008,,0.892,Europe & Central Asia,8305.923041970269
1149,Switzerland,2009,,0.899,Europe & Central Asia,8021.2236036659415
1150,Switzerland,2010,,0.901,Europe & Central Asia,8174.40816244636
1151,Switzerland,2011,,0.903,Europe & Central Asia,7928.190669882891
1152,Syrian Arab Republic,1980,,0.4970000000000001,Middle East & North Africa,356.52005078171305
1153,Syrian Arab Republic,1990,,0.5479999999999999,Middle East & North Africa,688.8062200013161
1154,Syrian Arab Republic,2000,,0.583,Middle East & North Africa,1064.90536016177
1155,Syrian Arab Republic,2002,,0.5982,Middle East & North Africa,1233.32877455224
1156,Syrian Arab Republic,2004,,0.6134,Middle East & North Africa,1399.1973105759805
1157,Syrian Arab Republic,2005,,0.621,Middle East & North Africa,1503.33887941099
1158,Syrian Arab Republic,2006,,0.624,Middle East & North Africa,1549.61859060151
1159,Syrian Arab Republic,2007,,0.628,Middle East & North Africa,1559.58348490786
1160,Syrian Arab Republic,2008,,0.629,Middle East & North Africa,1584.9593044540302
1161,Syrian Arab Republic,2009,,0.63,Middle East & North Africa,1543.0091285463
1162,Syrian Arab Republic,2010,,0.631,Middle East & North Africa,1853.43297349415
1163,Syrian Arab Republic,2011,,0.632,Middle East & North Africa,1690.232545611
1164,Tajikistan,2000,16.5068442181133,0.527,Europe & Central Asia,2161.60824811923
1165,Tajikistan,2002,17.466439224296806,0.5462,Europe & Central Asia,2133.63301698221
1166,Tajikistan,2004,,0.5654,Europe & Central Asia,2143.95067602525
1167,Tajikistan,2005,,0.575,Europe & Central Asia,2129.21290611738
1168,Tajikistan,2006,,0.583,Europe & Central Asia,2113.97464516038
1169,Tajikistan,2007,,0.588,Europe & Central Asia,2047.14930753867
1170,Tajikistan,2008,,0.597,Europe & Central Asia,1920.45449570764
1171,Tajikistan,2009,,0.6,Europe & Central Asia,1883.49269532689
1172,Tajikistan,2010,,0.6035,Europe & Central Asia,1864.9162547781
1173,Tajikistan,2011,,0.607,Europe & Central Asia,1783.7885073201
1174,Thailand,1980,25.179,0.486,East Asia & Pacific,290.511895423821
1175,Thailand,1990,92.388,0.5660000000000001,East Asia & Pacific,709.243535241907
1176,Thailand,2000,82.1,0.626,East Asia & Pacific,1447.9489436302301
1177,Thailand,2002,91.1,0.638,East Asia & Pacific,1617.4634360182401
1178,Thailand,2004,99.0,0.65,East Asia & Pacific,1827.04498250222
1179,Thailand,2005,99.1,0.6559999999999999,East Asia & Pacific,1914.5296166768105
1180,Thailand,2006,99.2,0.6609999999999999,East Asia & Pacific,2004.902029595089
1181,Thailand,2007,99.3,0.67,East Asia & Pacific,2079.8205440043107
1182,Thailand,2008,99.3,0.672,East Asia & Pacific,2104.97257826795
1183,Thailand,2009,99.3,0.6729999999999999,East Asia & Pacific,2100.6740137801503
1184,Thailand,2010,87.7,0.6775,East Asia & Pacific,2307.3315033351
1185,Thailand,2011,,0.682,East Asia & Pacific,2283.35115007183
1186,Togo,1980,15.369637185835302,0.34700000000000003,Sub-Saharan Africa,62.848261142978295
1187,Togo,1990,12.644248411113901,0.368,Sub-Saharan Africa,90.57444797118521
1188,Togo,2000,9.0,0.408,Sub-Saharan Africa,94.3592294090155
1189,Togo,2002,17.0,0.4124,Sub-Saharan Africa,95.21139977514879
1190,Togo,2004,17.0,0.4168,Sub-Saharan Africa,106.06009686701701
1191,Togo,2005,18.0,0.419,Sub-Saharan Africa,108.03643255957701
1192,Togo,2006,19.0,0.425,Sub-Saharan Africa,107.06102581249901
1193,Togo,2007,20.0,0.424,Sub-Saharan Africa,101.044038360052
1194,Togo,2008,20.0,0.426,Sub-Saharan Africa,103.541240248785
1195,Togo,2009,20.0,0.429,Sub-Saharan Africa,122.581696909804
1196,Togo,2010,27.9,0.4320000000000001,Sub-Saharan Africa,122.55972364550699
1197,Togo,2011,,0.435,Sub-Saharan Africa,133.098138392719
1198,Trinidad and Tobago,1980,100.0,0.6729999999999999,Latin America & Caribbean,1875.04376637784
1199,Trinidad and Tobago,1990,99.2275581432427,0.6759999999999999,Latin America & Caribbean,2682.70725918651
1200,Trinidad and Tobago,2000,99.0,0.701,Latin America & Caribbean,3990.5866320079695
1201,Trinidad and Tobago,2002,99.0,0.7118,Latin America & Caribbean,4081.89776943382
1202,Trinidad and Tobago,2004,99.1,0.7226,Latin America & Caribbean,4697.276710821478
1203,Trinidad and Tobago,2005,99.0666666666667,0.728,Latin America & Caribbean,5142.1275099581
1204,Trinidad and Tobago,2006,99.0333333333333,0.741,Latin America & Caribbean,5307.16482599007
1205,Trinidad and Tobago,2007,99.0,0.752,Latin America & Caribbean,5668.85110673205
1206,Trinidad and Tobago,2008,99.0,0.7509999999999999,Latin America & Caribbean,5707.13075844704
1207,Trinidad and Tobago,2009,99.0,0.755,Latin America & Caribbean,5714.20788760444
1208,Trinidad and Tobago,2010,99.0,0.7575,Latin America & Caribbean,6189.29297492659
1209,Trinidad and Tobago,2011,,0.76,Latin America & Caribbean,6389.77875138224
1210,Tunisia,1980,61.5051930237037,0.45,Middle East & North Africa,403.09872526898215
1211,Tunisia,1990,74.85,0.542,Middle East & North Africa,632.348884589284
1212,Tunisia,2000,94.6,0.63,Middle East & North Africa,977.4005002682179
1213,Tunisia,2002,95.0,0.6448,Middle East & North Africa,1066.87471602216
1214,Tunisia,2004,98.9,0.6596,Middle East & North Africa,1035.07815893246
1215,Tunisia,2005,99.1,0.667,Middle East & North Africa,1083.9910429932002
1216,Tunisia,2006,99.3,0.675,Middle East & North Africa,1108.16489697666
1217,Tunisia,2007,99.5,0.6809999999999999,Middle East & North Africa,1151.7673136767999
1218,Tunisia,2008,99.5,0.688,Middle East & North Africa,1189.7377004067098
1219,Tunisia,2009,99.5,0.6920000000000001,Middle East & North Africa,1274.58768119702
1220,Tunisia,2010,99.5,0.695,Middle East & North Africa,1364.3885472565598
1221,Tunisia,2011,,0.698,Middle East & North Africa,1320.6377903681698
1222,Turkey,1980,52.50617284,0.463,Europe & Central Asia,495.543913679488
1223,Turkey,1990,56.122694936026704,0.5579999999999999,Europe & Central Asia,929.699933972778
1224,Turkey,2000,63.2843982265933,0.634,Europe & Central Asia,1652.74826087066
1225,Turkey,2002,65.183961243121,0.6488,Europe & Central Asia,1667.4225927448801
1226,Turkey,2004,,0.6636,Europe & Central Asia,1891.9274464165399
1227,Turkey,2005,,0.6709999999999999,Europe & Central Asia,2013.8901427124301
1228,Turkey,2006,,0.6809999999999999,Europe & Central Asia,2178.86243416829
1229,Turkey,2007,,0.688,Europe & Central Asia,2347.11755477919
1230,Turkey,2008,,0.691,Europe & Central Asia,2421.975049642231
1231,Turkey,2009,,0.69,Europe & Central Asia,2314.11390528221
1232,Turkey,2010,,0.6945,Europe & Central Asia,2491.63126191171
1233,Turkey,2011,,0.6990000000000001,Europe & Central Asia,2696.31480032102
1234,Turkmenistan,2005,,0.654,Europe & Central Asia,2051.67961156268
1235,Turkmenistan,2006,,0.6609999999999999,Europe & Central Asia,2115.54633422763
1236,Turkmenistan,2007,,0.6659999999999999,Europe & Central Asia,2254.35136629627
1237,Turkmenistan,2008,,0.6709999999999999,Europe & Central Asia,2316.56226536045
1238,Turkmenistan,2009,,0.677,Europe & Central Asia,2353.45800177717
1239,Turkmenistan,2010,,0.6815,Europe & Central Asia,2382.05224474712
1240,Turkmenistan,2011,,0.6859999999999999,Europe & Central Asia,2412.0318643324804
1241,Ukraine,1990,0.0,0.7070000000000001,Europe & Central Asia,4787.48169274647
1242,Ukraine,2000,54.2012395242335,0.669,Europe & Central Asia,2778.437089686789
1243,Ukraine,2002,49.621068915044795,0.6862,Europe & Central Asia,2844.8109537887
1244,Ukraine,2004,,0.7034,Europe & Central Asia,3151.1476957573605
1245,Ukraine,2005,,0.7120000000000001,Europe & Central Asia,3246.03573070036
1246,Ukraine,2006,,0.718,Europe & Central Asia,3399.52231086128
1247,Ukraine,2007,,0.725,Europe & Central Asia,3528.9248290934997
1248,Ukraine,2008,,0.7290000000000001,Europe & Central Asia,3534.35715181308
1249,Ukraine,2009,,0.72,Europe & Central Asia,3227.95543424684
1250,Ukraine,2010,,0.7245,Europe & Central Asia,3549.84772414635
1251,Ukraine,2011,,0.7290000000000001,Europe & Central Asia,3662.4433062545295
1252,United Arab Emirates,1980,82.0680618123286,0.629,Middle East & North Africa,5626.52534958326
1253,United Arab Emirates,1990,92.76893740638658,0.69,Middle East & North Africa,8355.66995345597
1254,United Arab Emirates,2000,96.0,0.753,Middle East & North Africa,12232.620426793
1255,United Arab Emirates,2002,97.4,0.7746,Middle East & North Africa,12401.232652986699
1256,United Arab Emirates,2004,91.9,0.7962,Middle East & North Africa,11902.3535377676
1257,United Arab Emirates,2005,94.6,0.807,Middle East & North Africa,12303.1416541582
1258,United Arab Emirates,2006,97.3,0.818,Middle East & North Africa,11823.0869250703
1259,United Arab Emirates,2007,100.0,0.8270000000000001,Middle East & North Africa,11688.3217872998
1260,United Arab Emirates,2008,100.0,0.835,Middle East & North Africa,11613.979012740701
1261,United Arab Emirates,2009,100.0,0.841,Middle East & North Africa,10966.4349323078
1262,United Arab Emirates,2010,100.0,0.8435,Middle East & North Africa,10968.2584898661
1263,United Arab Emirates,2011,,0.846,Middle East & North Africa,10612.4260952035
1264,United Kingdom,1980,100.01475,0.7440000000000001,Europe & Central Asia,4683.93273911511
1265,United Kingdom,1990,99.9565,0.778,Europe & Central Asia,5356.5752100009995
1266,United Kingdom,2000,99.89825,0.833,Europe & Central Asia,6114.52925918564
1267,United Kingdom,2002,99.8866,0.8418,Europe & Central Asia,6142.74983363365
1268,United Kingdom,2004,99.87495,0.8506,Europe & Central Asia,6138.754137188161
1269,United Kingdom,2005,99.869125,0.855,Europe & Central Asia,6270.98405949047
1270,United Kingdom,2006,99.8633,0.853,Europe & Central Asia,6200.5541127704
1271,United Kingdom,2007,99.857475,0.856,Europe & Central Asia,6102.396767722779
1272,United Kingdom,2008,99.85165,0.86,Europe & Central Asia,6015.72686068947
1273,United Kingdom,2009,99.845825,0.86,Europe & Central Asia,5643.1285945674
1274,United Kingdom,2010,99.84,0.8615,Europe & Central Asia,5700.855864442679
1275,United Kingdom,2011,,0.863,Europe & Central Asia,5471.92413249939
1276,United States,1980,99.9528571428571,0.8370000000000001,North America,9862.36549675432
1277,United States,1990,99.964,0.87,North America,11713.3317042099
1278,United States,2000,99.904,0.897,North America,13671.052024006101
1279,United States,2002,99.892,0.899,North America,13296.1822993023
1280,United States,2004,99.88,0.901,North America,13388.5897105591
1281,United States,2005,99.874,0.902,North America,13704.5770481407
1282,United States,2006,99.868,0.904,North America,13583.266959338702
1283,United States,2007,99.862,0.905,North America,13657.4528282523
1284,United States,2008,99.856,0.907,North America,13663.427968182701
1285,United States,2009,99.85,0.906,North America,12913.7146883015
1286,United States,2010,99.844,0.908,North America,13393.991281533
1287,Uruguay,1980,95.436381237704,0.6579999999999999,Latin America & Caribbean,1003.84871550578
1288,Uruguay,1990,97.75414134319,0.6859999999999999,Latin America & Caribbean,1244.37739168852
1289,Uruguay,2000,98.0,0.736,Latin America & Caribbean,2030.2627478551
1290,Uruguay,2002,99.0,0.7408,Latin America & Caribbean,1997.7324174455398
1291,Uruguay,2004,95.4,0.7456,Latin America & Caribbean,1928.9454937522887
1292,Uruguay,2005,96.7666666666667,0.748,Latin America & Caribbean,1999.63194744306
1293,Uruguay,2006,98.1333333333333,0.755,Latin America & Caribbean,2220.9259982534
1294,Uruguay,2007,99.5,0.764,Latin America & Caribbean,2413.36079654081
1295,Uruguay,2008,98.9,0.769,Latin America & Caribbean,2586.22953637672
1296,Uruguay,2009,98.3,0.773,Latin America & Caribbean,2659.72394658546
1297,Uruguay,2010,98.8,0.778,Latin America & Caribbean,2803.15254644138
1298,Uruguay,2011,,0.7829999999999999,Latin America & Caribbean,2808.34493139226
1299,Uzbekistan,2005,,0.611,Europe & Central Asia,1717.20105476363
1300,Uzbekistan,2006,,0.614,Europe & Central Asia,1755.75962926958
1301,Uzbekistan,2007,,0.619,Europe & Central Asia,1664.0613369063599
1302,Uzbekistan,2008,,0.624,Europe & Central Asia,1652.6510101528
1303,Uzbekistan,2009,,0.631,Europe & Central Asia,1643.14988079547
1304,Uzbekistan,2010,,0.636,Europe & Central Asia,1653.46749572865
1305,Uzbekistan,2011,,0.6409999999999999,Europe & Central Asia,1631.5262070799
1306,Vietnam,1990,74.57736964507241,0.435,East Asia & Pacific,94.9426404096608
1307,Vietnam,2000,75.8,0.528,East Asia & Pacific,285.281679911514
1308,Vietnam,2002,79.6,0.5412,East Asia & Pacific,375.613911068135
1309,Vietnam,2004,84.2,0.5544,East Asia & Pacific,481.26562311477204
1310,Vietnam,2005,85.8,0.561,East Asia & Pacific,566.7377027104969
1311,Vietnam,2006,87.4,0.568,East Asia & Pacific,641.591700212952
1312,Vietnam,2007,89.0,0.575,East Asia & Pacific,724.104050327869
1313,Vietnam,2008,93.3,0.58,East Asia & Pacific,798.2557417180949
1314,Vietnam,2009,97.6,0.584,East Asia & Pacific,901.25773069267
1315,Vietnam,2010,97.6,0.5885,East Asia & Pacific,1016.5982401404
1316,Vietnam,2011,,0.593,East Asia & Pacific,1095.8371827994804
1317,Zambia,1980,36.933723191082,0.401,Sub-Saharan Africa,1030.6950144586
1318,Zambia,1990,37.8582854650622,0.394,Sub-Saharan Africa,762.7765064836
1319,Zambia,2000,12.0,0.371,Sub-Saharan Africa,591.0045948138401
1320,Zambia,2002,18.4,0.3802,Sub-Saharan Africa,635.498208743941
1321,Zambia,2004,19.0,0.3894,Sub-Saharan Africa,674.579896291652
1322,Zambia,2005,18.9333333333333,0.394,Sub-Saharan Africa,681.454836794346
1323,Zambia,2006,18.8666666666667,0.398,Sub-Saharan Africa,692.618193675654
1324,Zambia,2007,18.8,0.405,Sub-Saharan Africa,652.523728242726
1325,Zambia,2008,18.8,0.413,Sub-Saharan Africa,579.017019431353
1326,Zambia,2009,18.8,0.419,Sub-Saharan Africa,558.246671457937
1327,Zambia,2010,18.5,0.4245,Sub-Saharan Africa,580.143022041897
1328,Zambia,2011,,0.43,Sub-Saharan Africa,621.041117001931
1329,Zimbabwe,1980,10.4444444444444,0.366,Sub-Saharan Africa,976.386384916498
1330,Zimbabwe,1990,20.5125,0.425,Sub-Saharan Africa,886.565827168961
1331,Zimbabwe,2000,39.7,0.3720000000000001,Sub-Saharan Africa,872.83430850831
1332,Zimbabwe,2002,40.9,0.362,Sub-Saharan Africa,839.964721481698
1333,Zimbabwe,2004,34.0,0.35200000000000004,Sub-Saharan Africa,805.008111517181
1334,Zimbabwe,2005,36.5,0.34700000000000003,Sub-Saharan Africa,832.378157952005
1335,Zimbabwe,2006,39.0,0.348,Sub-Saharan Africa,807.5879590075391
1336,Zimbabwe,2007,41.5,0.35,Sub-Saharan Africa,698.9545089917723
1337,Zimbabwe,2008,41.5,0.338,Sub-Saharan Africa,573.294816693537
1338,Zimbabwe,2009,41.5,0.349,Sub-Saharan Africa,531.041412468786
1339,Zimbabwe,2010,36.9,0.3625,Sub-Saharan Africa,546.842726881697
1340,Zimbabwe,2011,,0.376,Sub-Saharan Africa,570.250931957817
